company,name,ticker,exchange,score
1drop Inc.,Dropbox Inc,DBX,Nasdaq,80
"1VALET, Inc.",Allete Inc,ALE,NYSE,80
2020 Companies,Imd Companies,ICBU,OTC,82
233621,Life360,LIFX,OTC,31
"247mytutor Co., Ltd.",Zip CO Ltd,ZIZTF,OTC,75
360insights,Nlight Inc,LASR,Nasdaq,57
3DiTex,Itex Corp,ITEX,OTC,53
3drens,Renesola Ltd,SOL,NYSE,56
42Maru Inc,Amaru Inc,AMRU,OTC,84
4S Mapper,Manpower Inc,MAN,NYSE,57
7MENGINEERING,Ring Energy Inc,REI,AMEX,64
@Assist,Voice Assist Inc,VSST,OTC,100
"A.V. Mapping Co., LTD",Zip CO Ltd,ZIZTF,OTC,75
A4M group Netherlands B.V.,NN Group NV [Netherlands] ADR,NNGRY,OTC,85
AARP,AAR Corp,AIR,NYSE,67
Abbott,Abbott Laboratories,ABT,NYSE,100
"ABKO Co., Ltd.",Aeon Co. Ltd,AONNF,OTC,82
Absolar Solutions LTD,Agrisolar Solutions,AGSO,OTC,80
Absolute Audio Labs B.V.,Bio Rad Labs Cl B,BIO.B,NYSE,65
Accenture,Accenture Plc,ACN,NYSE,100
Acconeer,Acorn Energy,ACFN,OTC,70
Accyourate Group S.P.A.,D S P Group Inc,DSPG,Nasdaq,75
Ace Computers,Acme United Corp,ACU,AMEX,69
Acintya Global Holdings SAS (project b-cube.ai),Snm Global Holdings,SNMN,OTC,88
ACME21 (Beeing),Seeing Machines,SEEMF,OTC,64
Actasys,Acea S,ACEJF,OTC,62
Actiontec Electronics Inc.,Jaco Electronics Inc,JACO,OTC,86
ActiveLook,Cielo S.A.,CIOXY,OTC,63
ACTOP,A2 Corp,ACOPF,OTC,67
"Actworks Co., Ltd.",Zip CO Ltd,ZIZTF,OTC,75
Acuva Technologies,Cps Technologies,CPSH,Nasdaq,86
Ad'Occ - Region Occitanie,Regions Financial Corp,RF,NYSE,58
"Ad-winner co.,ltd",Nexon CO Ltd ADR,NEXOY,OTC,75
ADASKY,Atos ADR,AEXAY,OTC,57
"ADATA Technology Co., Ltd.",Viomi Technology CO Ltd ADR,VIOT,Nasdaq,85
Additive Intelligence,MEDICAL INTELLIGENCE,MDCLF,OTC,75
Addoptics B.V.,Altice N.V.,ALLVF,OTC,61
Adelphic by Viant,Valiant Eagle Inc,PSRU,OTC,59
AduroSmart,Cubesmart,CUBE,NYSE,63
Advanced Control & System Integration Laboratory (,Advanced Energy,AEIS,Nasdaq,70
Advanced Micro Devices,Adv Micro Devices,AMD,Nasdaq,87
Advanced Television Systems Committee,Gray Television,GTN,NYSE,80
Advantech Corp,Advant-E Corp,ADVC,OTC,89
"AEC Connectors Co., Ltd.",Zip CO Ltd,ZIZTF,OTC,75
Aectual,Meituan,MPNGF,OTC,57
AEEM Lab by AJOU University,University Bncp Mich,UNIB,OTC,67
Aeris Communications,SBA Communications,SBAC,Nasdaq,88
"Aeterlink,Corp",Materion Corp,MTRN,NYSE,81
Aetrex Worldwide,Petrone Worldwide,PFWIQ,OTC,85
AEye,Audioeye Inc,AEYE,Nasdaq,50
Afero,Metro Ag,MTTRY,OTC,62
AfterShokz,Safer Shot Inc,SAFS,OTC,58
"AG Optics Co., Ltd.",Zip CO Ltd,ZIZTF,OTC,75
Agora Software,Rib Software Ag,RSTAY,OTC,83
Agricolus S.R.L.,Slc Agricola S.A.,SLCJY,OTC,71
Agromeans,Krones Ag,KRNNF,OTC,67
Agrove,Krones Ag,KRNNF,OTC,67
"AHCOF International Development Co., Ltd",Uge International Ltd,UGEIF,OTC,89
AI Data Innovations,Rafina Innovations Inc,VICA,OTC,78
"AIM Electronics Co., Ltd.",IEC Electronics,IEC,Nasdaq,85
"Aimmo Co., Ltd.",Saniro CO Ltd,SNROF,OTC,80
Aimsak Inc.,Aimia Inc,GAPFF,OTC,84
Aiphas. Co.,Alpha-En Corp,ALPE,OTC,64
"Aiplux Technology Co., Ltd.",Viomi Technology CO Ltd ADR,VIOT,Nasdaq,83
Air Pocket,Rocket Internet Ag,RCKZF,OTC,64
Aircision B.V.,Agba Acquisition Ltd,AGBA,Nasdaq,61
Airgain Inc.,Airgain Inc,AIRG,Nasdaq,100
airPop Health,Pra Health,PRAH,Nasdaq,75
"Airtec Co., Ltd",Saniro CO Ltd,SNROF,OTC,77
Airthings,Kering S.A.,PPRUF,OTC,63
Aisin Group,Aspen Group Inc,ASPU,Nasdaq,77
AIStorm,Avista Corp,AVA,NYSE,67
AIVAR,Varta Ag,VARGF,OTC,62
"Aiwanatech., Co. Ltd",Zip CO Ltd,ZIZTF,OTC,75
Ajinextek,Mestek Inc,MCCK,OTC,63
AJProTech LLC,Astrotech Corp,ASTC,Nasdaq,67
AK(Augmented Knowledge),Knowledge Leaders Developed World ETF,KLDW,AMEX,58
Akyumen Industries Corp,NL Industries,NL,NYSE,87
Alabama Startup Pavilion,Alabama Power CO [Alp/Pq],ALP-Q,NYSE,60
Alango - Wear & Hear,Atlantic Power Corp,AT,NYSE,57
AlarmSecur.com,Alarm.com,ALRM,Nasdaq,78
Albicchiere - Beexlab,Schnitzer Steel A,SCHN,Nasdaq,56
Alco Electronics Ltd.,Japan Aviation Electronics Ltd,JPAVF,OTC,86
Alcohol Countermeasure Systems Corp,3D Systems Corp,DDD,NYSE,89
Algaeba Company Limited,3M Company,MMM,NYSE,82
ALGOCARE,Avalon Globocare,AVCO,Nasdaq,67
Algolux,Galway Gold,GAYGF,OTC,56
Alisys Digital SLU,Digital Ally Inc,DGLY,Nasdaq,71
All Good Energy Co. Ltd.,88 Energy Ltd,EEENF,OTC,87
ALLPRIV (DISLM),Capri Holdings Ltd,CPRI,NYSE,58
Allsbon Korea,Korea Fund,KF,NYSE,67
Alpha Display Tech,Alpha Pro Tech,APT,AMEX,83
Alphaigloo,Pharmacielo Ltd,PCLOF,OTC,56
Altran,Altura Mining,ALTAF,OTC,63
AltumView Systems Inc.,View Systems Inc,VSYM,OTC,86
"Amatelus Co., Ltd.",Zip CO Ltd,ZIZTF,OTC,75
Amazfit,Titan Pharma,TTNP,Nasdaq,53
Amberscript B.V.,Lux Amber Corp,LXAM,OTC,62
"Ambient Scientific, Inc.",Cb Scientific Inc,CBSC,OTC,90
Ambient Weather,Estre Ambiental Inc,ESTRF,OTC,65
American Battery Solutions,Tech Solutions,TSCC,OTC,78
American Printing House,American Hotel,AHOTF,OTC,73
Amorepacific,Arem Pacific Corp,ARPC,OTC,76
Ampere LLC,Ameren Ill CO,AILLP,OTC,70
Ampridge,Enbridge,EBGEF,OTC,62
ams AG,Ams Ag ADR,AMSSY,OTC,100
Analog Devices,Analog Devices,ADI,Nasdaq,100
Anova,Novacyt,NVYTF,OTC,67
"Anthem, Inc.",Anthem Inc,ANTM,NYSE,100
Anycubic,Vubotics Inc,VBTC,OTC,60
"AONdevIces, Inc",908 Devices Inc,MASS,Nasdaq,76
"Apex.AI, Inc.",Apex Global Brands Inc,APEX,OTC,84
Aphrodite,Alpha Pro Tech,APT,AMEX,61
"Apkudo, Inc.",Pudo Inc,PDPTF,OTC,89
APMA,Paxman Ab,PXMBF,OTC,62
Applied Brain Research Inc.,Applied Uv Inc,AUVI,Nasdaq,88
AppMedia Company,3M Company,MMM,NYSE,82
Aptener Mechatronics PVT Ltd,Gl Ltd,GUORF,OTC,67
Aptiv,Aptiv Plc 5.5% Mandatory Cnv Ser A [Aptv/Pa],APT-A,NYSE,100
Aquark Technologies,Cps Technologies,CPSH,Nasdaq,86
AR Market,Total Bond Market ETF Vanguard,BND,Nasdaq,80
Arbe,Square,SQ,NYSE,60
ArchAi,Arcadis NV,ARCVF,OTC,62
Archelis Inc.,Marchex Inc,MCHX,Nasdaq,78
ArcRAN Information Technology Inc.,Zzll Information Technology Inc,ZZLL,OTC,91
Arculus,Colruyt Sa ADR,CUYTY,OTC,57
ArcX Technology Inc,Gsi Technology Inc,GSIT,Nasdaq,88
Arical,Auris Medical,EARS,Nasdaq,63
Arkham Studio,Studio Bank,STBK,OTC,75
"Arlo Technologies, Inc.",Arlo Technologies Inc,ARLO,NYSE,100
ARMA Instruments,Mks Instruments Inc,MKSI,Nasdaq,81
ARON,Ayro Inc,AYRO,Nasdaq,67
Arovia Hong Kong Limited,Ppc Limited,PPCLY,OTC,78
ART Lab,I-Mab ADR,IMAB,Nasdaq,62
Artiphon,Rational Ag,RATIY,OTC,63
Asgite Limited,Ppc Limited,PPCLY,OTC,78
ASLA Tech,Exela Tech,XELAU,OTC,74
Asleep,Leep Inc,LPPI,OTC,57
"AsReader, Inc.",Razer Inc,RAZFF,OTC,76
AstroFab,Entra ASA,ENTOF,OTC,59
ASUS Global Pte. Limited,Ppc Limited,PPCLY,OTC,78
AT&T Business,Barrett Business S,BBSI,Nasdaq,77
Ather Energy,Gear Energy,GENGF,OTC,78
ATL Technology,Align Technology,ALGN,Nasdaq,87
Atlantic Inc.,Atlantic Energy Sltns Inc,AESO,OTC,100
Atlantic Therapeutics,Ptc Therapeutics,PTCT,Nasdaq,86
Atmosic Technologies,Cps Technologies,CPSH,Nasdaq,86
ATrack Technology Inc.,Gsi Technology Inc,GSIT,Nasdaq,88
AU,Au Optronics Corp,AUOTY,OTC,100
AU Optronics Corp. America,Au Optronics Corp,AUOTY,OTC,100
Audi of America Inc.,Bio-America Inc,BOAA,OTC,85
"Audio-Technica U.S., Inc.",C S P Inc,CSPI,Nasdaq,71
Aura Vision,Isra Vision Ag,IRAVF,OTC,80
AurAir,Autris,AUTR,OTC,67
Aurora Labs,Aurora Mobile Ltd ADR,JG,Nasdaq,71
Austere,Ausnet Services,SAUNF,OTC,64
Autel Robotics,G-X Robotics & Artificial Intel Thmtc ETF,BOTZ,Nasdaq,73
AuthMe,Autohome Inc,ATHM,NYSE,67
Autofleet,Autozone,AZO,NYSE,59
Automa,Atomera Inc,ATOM,Nasdaq,59
Autoslide LLC,Autoliv Inc,ALV,NYSE,67
Auvergne Rhone-Alpes,New Age Beverages Corp,NBEV,Nasdaq,57
Avalanche Computing Taiwan Inc.,Quantum Computing Inc,QUBT,OTC,76
"Avast Software, Inc",Amer Software Inc,AMSWA,Nasdaq,83
AVAtronics,Plantronics,PLT,NYSE,76
Aviron Interactive Inc.,I3 Interactive Inc,BLITF,OTC,91
"Awesome Lab Co.,Ltd.",Zai Lab Ltd,ZLAB,Nasdaq,78
Axelspace Corporation,3Com Corporation,COMS,Nasdaq,81
Axiom Armor,Xiaomi Corp ADR,XIACY,OTC,69
AXION RESEARCH INC.,Acm Research Inc,ACMR,Nasdaq,86
AXLE International Holding Limited,Atn International,ATNI,Nasdaq,87
Ayla Networks,Ati Networks,ATIW,OTC,80
B-Horizon GmbH,Horizon Bancorp,HBNC,Nasdaq,67
"b8ta, Inc.",Bab Inc,BABB,OTC,80
"Ba Energy Co., Ltd.",China Changjiang Mining & New Energy CO Ltd,CHJI,OTC,90
"Baicells Technologies Co., Ltd",Gea Technologies Ltd,GEATF,OTC,89
Ball Wave Inc,Sixth Wave Innovations Inc.,ATURF,OTC,76
BANCO,Banco Del Bajio Sa,BBAJF,OTC,100
"BAND Connect, Inc",Qed Connect Inc,QEDN,OTC,85
Baobab Circle,Bab Inc,BABB,OTC,60
Baracoda Group,Alamo Group,ALG,NYSE,72
Barkan Mounting Systems,GSE Systems,GVP,Nasdaq,78
Basis Health,Radius Health,RDUS,Nasdaq,80
Baybiotech,Biontech Se ADR,BNTX,Nasdaq,64
"BayPay Pte., Ltd.",Appen Ltd,APPEF,OTC,70
"BCDenc Co., Ltd",Denka CO Ltd,DENKF,OTC,80
"Bederly Co.,Ltd",Icon Energy Ltd,ICNOF,OTC,76
Beermkr,Badger Meter,BMI,NYSE,53
"Beijing 797 Audio Co., Ltd.",Zip CO Ltd,ZIZTF,OTC,75
"Beijing Dasung Tech Co., Ltd.",T A T Tech Ltd,TATT,Nasdaq,80
Beijing Dison Digital Entertainment,Exeo Entertainment,EXEO,OTC,84
"Beijing Dnurse Technology Co., Ltd.",Keynes Technology CO Ltd,KYNS,OTC,83
"Beijing Jinyunmake Technology Co., Ltd",Keynes Technology CO Ltd,KYNS,OTC,83
"Beijing Keyi Technology Co., Ltd.",Keynes Technology CO Ltd,KYNS,OTC,83
"Beijing Ling Technology Co., Ltd.",Keynes Technology CO Ltd,KYNS,OTC,83
"Beijing Puppy Vacuum Cleaner Group Co., Ltd",Cxj Group CO Ltd,ECXJ,OTC,86
Beijing Sabine Technologies Ltd.,Gea Technologies Ltd,GEATF,OTC,89
"Benewake Co., Ltd.",Zip CO Ltd,ZIZTF,OTC,75
BeNomad,Boeing Company,BA,NYSE,57
Bepluslab,Eplus Inc,PLUS,Nasdaq,56
Besdesign Technology,Align Technology,ALGN,Nasdaq,78
"Beseye Cloud Security Co., Ltd.",Zip CO Ltd,ZIZTF,OTC,75
beyerdynamic Inc.,Agri-Dynamics Inc,AGDY,OTC,73
bHaptics Inc.,Synaptics Inc,SYNA,Nasdaq,80
Bigger Inside,Inside Secure,ISDCF,OTC,69
"BiiLabs Co., Ltd.",Zip CO Ltd,ZIZTF,OTC,75
Binah.ai,MBIA Inc,MBI,NYSE,62
Bioenzymatic Fuel Cells (BeFC),Cellular Biomedicine,CBMG,Nasdaq,54
Biohacking ORB,Blockchaink2 Corp,BIDCF,OTC,58
"BioIntelliSense, Inc.",Intelligentias Inc,ITLI,OTC,76
Biospectal,Heliospectra Ab,HLSPY,OTC,72
Birds.ai,Bluebird Bio,BLUE,Nasdaq,60
Bisu,Misc Bhd,MIHDF,OTC,50
Bitbyte Corp.,Incyte Corp,INCY,Nasdaq,78
Bitdefender,Lifeline Biotech,LLBO,OTC,59
"bitmovin, Inc.",Biovie Inc,BIVI,Nasdaq,82
bitsensing Inc.,Sesen Bio Inc,SESN,Nasdaq,74
Bittium,Bearing Lithium,BLILF,OTC,55
Blacknut,Black Iron,BKIRF,OTC,67
"Blaize, Inc.",Blackline Inc,BL,Nasdaq,78
Blaupunkt,City Bank,CTBK,OTC,56
Blickfeld,Herbalife Ltd,HLF,NYSE,64
"BlockXen Co., Ltd.",Zip CO Ltd,ZIZTF,OTC,75
Blue - The Big Clean Out!,Clean Teq Holdings Ltd,CTEQF,OTC,64
Blue Bottle j.d.o.o.,Blue Bird Corp,BLBD,Nasdaq,58
Blue Frog Robotics,G-X Robotics & Artificial Intel Thmtc ETF,BOTZ,Nasdaq,62
BlueBeard Studio Co. Ltd.,Zip CO Ltd,ZIZTF,OTC,75
"BLUEFEEL Co., Ltd.",Zip CO Ltd,ZIZTF,OTC,75
BluePrintLAB Inc.,Burgerfi Intl Inc,BFI,Nasdaq,73
Blume Global Inc,J2 Global Inc,JCOM,Nasdaq,87
"BMW of North America, LLC",Travelcenters of America Llc,TA,Nasdaq,74
BNSoft Inc.,Esoft Inc,ZVLO,OTC,84
Boarding Ring,Biocardia Inc,BCDA,Nasdaq,69
Bodyfriend Inc.,Body & Mind Inc,BMMJ,OTC,81
Bodyguard,Bouygues Sa,BOUYY,OTC,60
Bokuk Electronics,IEC Electronics,IEC,Nasdaq,85
Bonibio,Boiron,BOIRF,OTC,62
"Bonsystems Co., Ltd",T2 Biosystems CS,TTOO,Nasdaq,79
BOOKINOU?? by PIMELY SAS,Sas Ab,SASDF,OTC,67
BOON,Boon Industries Inc,BNOW,OTC,100
Bosch,Bots Inc,BTZI,OTC,62
Bose Automotive,China Automotive Sys,CAAS,Nasdaq,80
"Bosma Technology Co., Ltd.",Viomi Technology CO Ltd ADR,VIOT,Nasdaq,85
Boxglass,Lanxess Ag,LNXSF,OTC,56
BPOsolutions.info,Viavi Solutions,VIAV,Nasdaq,69
"Brainchild Electronic Co., Ltd.",Byd Electronic,BYDIF,OTC,83
BrainCreators,Realnetworks Inc,RNWK,Nasdaq,69
"Braintech Co., Ltd",Zip CO Ltd,ZIZTF,OTC,75
Branded Entertainment Network,Exeo Entertainment,EXEO,OTC,84
Breath In Balanz B.V.,Axcella Health Inc,AXLA,Nasdaq,58
Brian and partners srl,Partners Group,PGPHF,OTC,73
Bridgestone,Bridgestone Corp ADR,BRDCY,OTC,100
Bright Way Vision,Isra Vision Ag,IRAVF,OTC,65
Brightday Technologies,Cps Technologies,CPSH,Nasdaq,86
Brink Bionics Inc.,Ekso Bionics Holdings Inc,EKSO,Nasdaq,79
Brodmann17,Manhattan Bridge,LOAN,Nasdaq,54
Brondell Inc.,Omnicell Inc,OMCL,Nasdaq,75
Bronine,Born Inc,QUTRD,OTC,67
Brydge,Enbridge,EBGEF,OTC,71
BSI Group America Inc.,V Group Inc,VGID,OTC,90
Bug Bros Biotech Limited,Ppc Limited,PPCLY,OTC,78
Builti s.r.l.,Diasorin S.R.L.,DSRLF,OTC,62
Business Development Center of the Udmurt Republic,Cypress Development,CYDVF,OTC,73
Business France - La French Tech,Business Parks,PSB,NYSE,73
Business Location Switzerland,Business Parks,PSB,NYSE,73
Butterfly Network,Juniper Networks,JNPR,NYSE,67
"Buzr Labs, Inc",Eq Labs Inc,EQLB,OTC,84
ByStamp,Sampo Oyj,SAXPF,OTC,62
"C-Smartlink Information Tech. Co., Ltd.",T A T Tech Ltd,TATT,Nasdaq,80
C-Star Industrial Limited,Ppc Limited,PPCLY,OTC,78
C2A Security,Magal Security Syst,MAGS,Nasdaq,80
Cake,Yellow Cake Plc,YLLXF,OTC,100
Cambridge Audio,Cambridge Bancorp,CATC,Nasdaq,75
Cambridge Consultants,Atlas Technical Consultants Inc,ATCX,Nasdaq,69
"Canaan Creative Co., Ltd",Canadian Tire Corp Ltd,CDNTF,OTC,77
Canada,Jpmorgan Betabuilders Canada ETF,BBCA,AMEX,100
Canon USA Inc.,Canon Inc,CAJ,NYSE,100
Carbyon,Low Carbon,LWCTF,OTC,71
Cardinal Peak,Cardinal Health,CAH,NYSE,79
Carebook,Carebook Technologies Inc,CRBKF,OTC,100
CareClever,Charles & Colvard,CTHR,Nasdaq,64
Caregiver Smart Solutions,Tech Solutions,TSCC,OTC,78
Carematix Inc,Carmax Inc,KMX,NYSE,87
CAREMiLE inc.,Cree Inc,CREE,Nasdaq,80
CareMoat,Resonant Inc,RESN,Nasdaq,60
CarePLUS.ai,Carrefour S.A.,CRRFY,OTC,67
"CarePredict, Inc.",Predictiv Ai Inc,INOTF,OTC,77
CareWear,Wenr Corp,WNRC,OTC,59
Carkit AI inc.,Air T Inc,AIRT,Nasdaq,73
Cartesiam,Wartsila Corp,WRTBF,OTC,64
Case Western Reserve Univ. Covid,Reserve Pete CO,RSRV,OTC,64
Case Western Reserve Univ. Ed Tech,Reserve Pete CO,RSRV,OTC,64
Case Western Reserve Univ. Ed Tech Innovation,H2O Innovation,HEOFF,OTC,83
Case Western Reserve Univ. Music,Reserve Pete CO,RSRV,OTC,64
Case Western Reserve Univ. NSF I-Corps,Reserve Pete CO,RSRV,OTC,64
Case Western Reserve University,University Bncp Mich,UNIB,OTC,67
Case Western Reserve University Alumni,University Bncp Mich,UNIB,OTC,67
CASTODIAN,Topdanmark As,TPDKY,OTC,64
Catana Corporation,3Com Corporation,COMS,Nasdaq,81
"Catch It Play, Inc.",NN Inc,NNBR,Nasdaq,67
Caterpillar Inc,Caterpillar Inc,CAT,NYSE,100
CBH Inc.,CHS Inc,CHSCP,Nasdaq,86
CEA,Acea S,ACEJF,OTC,67
"Cebien Co.,Ltd",Aeon Co. Ltd,AONNF,OTC,75
Cedar Electronics - Cobra/ESCORT,IEC Electronics,IEC,Nasdaq,85
Celeno,C E C O Envir,CECE,Nasdaq,59
Cenntro Automotive Corporation,3Com Corporation,COMS,Nasdaq,81
Centers for Age Control Inc.,Photon Control Inc,POCEF,OTC,76
Cepton Technologies Inc.,W Technologies Inc,WTCG,OTC,94
"CEVA, Inc.",Ceva Inc,CEVA,Nasdaq,100
"Challenge Co., Ltd.",Challenger Ltd,CFIGF,OTC,87
"Changzhou Microbat Technology Co., Ltd",Keynes Technology CO Ltd,KYNS,OTC,83
Channel Factory,Fox Factory Cp,FOXF,Nasdaq,67
Chargeasap,SAP Ag,SAP,NYSE,62
"Charmcare Co., Ltd.",Zip CO Ltd,ZIZTF,OTC,75
Chen-Source Inc.,Cell Source Inc,CLCS,OTC,87
Chinougijutsu Inc.,Intuit Inc,INTU,Nasdaq,67
Chipolo,Cool Chips Plc,COLCF,OTC,57
"Chirp Microsystems, Inc.",Live Microsystems Inc,LMSC,OTC,86
"Chison Medical Technologies Co., Ltd.",Gea Technologies Ltd,GEATF,OTC,89
Choice IoT,First Choice Bancorp,FCBP,Nasdaq,75
"Chongqing Luxiangjia Technology Co., Ltd",Keynes Technology CO Ltd,KYNS,OTC,83
"Chowis Co., Ltd.",H I S Co. Ltd,HISJF,OTC,80
chungsoo Industry Inc.,Industry Source Consulting Inc,INSO,OTC,75
Ciel Inc.,Cibl Inc,CIBY,OTC,88
Cinemo GmbH,Monarch Casino,MCRI,Nasdaq,56
"Cipia, formerly Eyesight Technologies",Cps Technologies,CPSH,Nasdaq,86
Circularise,Paradise Inc,PARF,OTC,61
CIT,Cit Group Inc,CIT,NYSE,100
"Cixi Yinwei Electron Co., Ltd.",Tokyo Electron Ltd,TOELF,OTC,80
CL360-CameraLight360,Freightcar America,RAIL,Nasdaq,53
Clair Inc.,Clarke Inc,CLKFF,OTC,84
"Classum Co., Ltd.",Zip CO Ltd,ZIZTF,OTC,75
Clckr,Blackrock,BLK,NYSE,57
Clean Air Zone,Clean Air Metals Inc,CLRMF,OTC,78
CleanMotion,Clearsign Combustion,CLIR,Nasdaq,65
ClearML (formerly Allegro AI),Arco Platform Ltd Cl A,ARCE,Nasdaq,57
Cleer Inc.,Clene Inc,CLNN,Nasdaq,89
Clementine,Net Element Inc,NETE,Nasdaq,72
Clevo Co.,Chevron Corp,CVX,NYSE,70
Closing the Loop B.V.,The Ensign Group IN,ENSG,Nasdaq,56
"Cloudmed Co.,Limited",Ppc Limited,PPCLY,OTC,78
Clrobur - Hanseo University,University Bncp Mich,UNIB,OTC,67
Clycky,Calyxt Inc,CLXT,Nasdaq,50
CM Profiling,Proofpoint Inc,PFPT,Nasdaq,62
"CNA Co., Ltd.",Denka CO Ltd,DENKF,OTC,82
"Cobalt Communications, Inc.",Lsc Communications Inc,LKSDQ,OTC,90
COBOTSYS by AJOU University,University Bncp Mich,UNIB,OTC,67
Cocoa Motors.Inc.,Elio Motors Inc,ELIO,OTC,80
Coconut Silo,Coconnect Inc,MMND,OTC,64
Codist,Dais Corp,DLYT,OTC,67
Cognata,GATX Corp,GATX,NYSE,62
"Cognis Group, Inc.",Gns Group Inc,GNSG,OTC,90
Coherent Logix,Coherent Inc,COHR,Nasdaq,80
ColdSnap,Snap-On Inc,SNA,NYSE,63
COLOP Digital GmbH,Tek Digitel Corp,TEKI,OTC,65
"COMMAX Co., Ltd.",Secom CO Ltd,SOMLF,OTC,80
CommScope,Commscope Holding Company,COMM,Nasdaq,100
"Compal Electronics, Inc",Jaco Electronics Inc,JACO,OTC,86
Compatio,Sato Corp,SATOF,OTC,71
Comply??? Foam Tips,Voip-Pal.com,VPLM,OTC,64
Compo Software BV,Asure Software,ASUR,Nasdaq,73
Computermind Corp.,A2 Corp,ACOPF,OTC,73
Computime Limited,Ppc Limited,PPCLY,OTC,78
Conception Digital,Digital Locations Inc,DLOC,OTC,77
Cond?? Nast,Second Sight,EYES,Nasdaq,67
Connexions Technology (Dong Guan) Ltd.,Recon Technology Ltd,RCON,Nasdaq,82
Conol Inc,Oncolix Inc,ONCX,OTC,80
"Consulate General of India, San Francisco",General Mills,GIS,NYSE,70
Consumer Priority Service,Service Team,SVTE,OTC,74
Consumer Technology Association,Align Technology,ALGN,Nasdaq,77
Consumer Technology Association Foundation,Align Technology,ALGN,Nasdaq,77
Contact Beverage Limited,Ppc Limited,PPCLY,OTC,78
Contextere,Nextdecade Corp,NEXT,Nasdaq,64
Continental Automotive Systems Inc.,Casa Systems Inc,CASA,Nasdaq,81
Coolso Inc.,Ecoplus Inc,ECPL,OTC,76
Copilot,Willscot Corp,WSC,Nasdaq,70
Coptiq Co. Ltd.,Obic Co. Ltd,OBIIF,OTC,75
CORE SAFETY,Safety Ins Group Inc,SAFT,Nasdaq,71
Coreline Soft,Intest Corp,INTT,AMEX,67
Counter Culture Company,3M Company,MMM,NYSE,82
COVE,Nve Corp,NVEC,Nasdaq,67
Covestro LLC,Covestro Ag,CVVTF,OTC,84
"CoX Space Co., Ltd.",Zip CO Ltd,ZIZTF,OTC,75
CPD Group,Cnpr Group,CEOPF,OTC,84
Cradlewise Inc,Dinewise Inc,DWIS,OTC,77
CREAL SA,Rexel Sa,RXLSF,OTC,75
CREAMO Inc.,Creatd Inc,CRTD,Nasdaq,80
Creative Marketing & Sales Solutions,Creative Waste Solutions Inc,CWSS,OTC,78
Creative Technology Corporation,3Com Corporation,COMS,Nasdaq,81
CrossWing,Crocs Inc,CROX,Nasdaq,67
Crypto-Arsenal,Aersale Corp,ASLE,Nasdaq,69
CSEM SA,Saipem Spa,SAPMF,OTC,71
CT5 Inc,Cbtx Inc,CBTX,Nasdaq,80
Cubbit srl,Chubb Ltd,CB,NYSE,63
Cube Tracker,Point Bridge Gop Stock Tracker ETF,MAGA,AMEX,74
CUBEBIO,Biocube Inc,BICB,OTC,56
"Curaco, Inc.",Graco Inc,GGG,NYSE,84
CviCloud Corporation,3Com Corporation,COMS,Nasdaq,81
CyberLink,Centurylink,LUMN,NYSE,70
Cyberneid SRL,Cyberdyne Inc,CYBQF,OTC,62
Cybernetics Imaging Systems,GSE Systems,GVP,Nasdaq,78
Cybertec Services Srl,Ausnet Services,SAUNF,OTC,70
CYC Motor Limited,Ppc Limited,PPCLY,OTC,78
Cygbot,Gblt Corp,GBLTF,OTC,53
Cynomys srl,Sterling Cons,STCC,OTC,58
D-Link Systems,GSE Systems,GVP,Nasdaq,78
D2D Water Solutions B.V.,Tech Solutions,TSCC,OTC,78
"Daanaa Resolutions, Inc",Advantage Solutions Inc,ADV,Nasdaq,80
DAB-Embedded BVBA,Preferred Bank LA,PFBC,Nasdaq,53
Dabeeo - Hanseo University,University Bncp Mich,UNIB,OTC,67
Dabeeo Inc.,Daseke Inc,DSKE,Nasdaq,80
Dadam Micro Inc.,Kwesst Micro Systems Inc,KWEMF,OTC,75
Daegu Center for Creative Economy & Innovation,H2O Innovation,HEOFF,OTC,83
Daegu Technopark Mobile Technology Convergence Cen,Align Technology,ALGN,Nasdaq,77
"Daeho I&T Co., Ltd.",H I S Co. Ltd,HISJF,OTC,80
"DAEHYUNENTEC CO., LTD.",Zip CO Ltd,ZIZTF,OTC,75
"Daeyoung Chaevi Co.,Ltd",Zip CO Ltd,ZIZTF,OTC,75
"Dagaga Co., Ltd.",Zip CO Ltd,ZIZTF,OTC,75
Daikin America,American Bank Inc,AMBK,OTC,77
Dan.com,Danaos Corp,DAC,NYSE,67
Datacadabra BV,Atacadao Sa,ATAAY,OTC,64
Datafarm,Adamas Pharma,ADMS,Nasdaq,57
"Datotek International Co., Ltd.",Uge International Ltd,UGEIF,OTC,89
DCart Inc.,Copart Inc,CPRT,Nasdaq,84
"ddm hopt+schuler North America, LLC",North America Frac Sand Inc,NAFS,OTC,65
dear architect,Alpha Architect Value Momentum Trend ETF,VMOT,AMEX,78
DeciZone Inc.,Veritone Inc,VERI,Nasdaq,75
"DeCloak Intelligences Co., Ltd.",Zip CO Ltd,ZIZTF,OTC,75
Decor World Services,Teledata World Services Inc,TWOS,OTC,82
Deeping Source Inc.,Cell Source Inc,CLCS,OTC,80
Deepixel Inc.,Piksel Inc,PIKL,OTC,73
Deeplite,Deep Yellow Ltd,DYLLF,OTC,61
Deeproute.ai Ltd,Aia Group Ltd,AAGIY,OTC,69
"DeepScore, Inc.",Thescore Inc,TSCRF,OTC,80
Deepsmile Technology - Udini (Brand),Align Technology,ALGN,Nasdaq,77
"Deeray Global Co., Ltd",CSE Global Ltd,CSYJF,OTC,83
Deeyook,Seek Ltd,SKLTY,OTC,53
Deloitte LLP,Eltek Ltd,ELTK,Nasdaq,57
Delta Diagnostics,Spectral Diagnostics,EDTXF,OTC,81
"Delta Innovation Technology Co., Ltd.",H2O Innovation,HEOFF,OTC,83
DeltaProto,Delta Drone,DLRWF,OTC,67
DemarkQ,DE LA Rue,DLUEY,OTC,50
DEN Smart Home,Haier Smart Home CO Ltd,HRSHF,OTC,83
Dentall Global,Nv5 Global,NVEE,Nasdaq,75
Department of Homeland Security (DHS),Homeland Security Cp,HSCC,OTC,92
Design Pool Limited,Ppc Limited,PPCLY,OTC,78
Designovel,Innovative Designs,IVDN,OTC,64
"DG Entertainment Co., Ltd.",Galaxy Entertainment Group Ltd ADR,GXYYY,OTC,85
DI Electronics,IEC Electronics,IEC,Nasdaq,90
DialogueTrainer,Digital Turbine,APPS,Nasdaq,60
DiCEworld Srl,Cineworld Group Plc,CNNWF,OTC,62
Didux,Uxin Ltd Ads,UXIN,Nasdaq,47
Digital Quantum Bio,Quantum Corp,QMCO,Nasdaq,74
Digital Technologies srl,Cps Technologies,CPSH,Nasdaq,86
Digital Trends,Digitalx Ltd,DGGXF,OTC,77
"Digitalattendant Co., Ltd.",Zip CO Ltd,ZIZTF,OTC,75
digitalswitzerland,Western Digital Cp,WDC,Nasdaq,67
Digitsole,Dignity Plc,DTY,NYSE,60
Dilium,Silicom Ltd,SILC,Nasdaq,59
Dimenco,Dimeco Inc,DIMC,OTC,71
DIPONGO,Inpixon,INPX,Nasdaq,57
Direct Smarter Technology Inc.,Gsi Technology Inc,GSIT,Nasdaq,88
Disec SRL,Simtrol Inc,SMRL,OTC,60
Disruptive Technologies,Alps Disruptive Technologies ETF,DTEC,AMEX,100
"DLOGIXS Co., Ltd.",Zip CO Ltd,ZIZTF,OTC,75
DMS Logistics,Covenant Logistics Group Inc,CVLG,Nasdaq,82
"Dnet.Co., Ltd.",Denka CO Ltd,DENKF,OTC,78
Docsie.Io,Docusign Inc,DOCU,Nasdaq,67
Doctor on Demand,On Semiconductor,ON,Nasdaq,69
Dolby.io,Dolby Laboratories,DLB,NYSE,77
DOMALYS,Neometals Ltd,RDRUY,OTC,60
"Dongguan ARUN Industrial Co., Ltd.",Ase Industrial Holding CO Ltd,ASX,NYSE,77
"Dongguan Howenjoy E-Technology Co., Ltd.",Keynes Technology CO Ltd,KYNS,OTC,83
"Dongguan OSM Digital Co.,Ltd.",Zip CO Ltd,ZIZTF,OTC,75
"Dongguan Siyoto Electronics Co., Ltd.",IEC Electronics,IEC,Nasdaq,85
"Dongguan Songman Technology Co., Ltd.",Keynes Technology CO Ltd,KYNS,OTC,83
"Dongguan Yuqiu Electronics Co., Ltd",IEC Electronics,IEC,Nasdaq,85
"DOTHEAL Co., Ltd",Denka CO Ltd,DENKF,OTC,77
DoubleVerify,Doubleview Cap,DBLVF,OTC,62
Dow,Ultra Dow 30 Proshares,DDM,AMEX,100
DozzyCozy Technology,Align Technology,ALGN,Nasdaq,77
"dp smart technology co., ltd.",Keynes Technology CO Ltd,KYNS,OTC,83
Dracula Technologies,Cps Technologies,CPSH,Nasdaq,86
Draganfly Innovations,Draganfly Inc,DFLYF,OTC,82
DRB srl,Orkla As ADR,ORKLY,OTC,63
"Dreame Technology (Tianjin) Co., Ltd.",Keynes Technology CO Ltd,KYNS,OTC,83
Drive Sweden,Sweden Ishares MSCI ETF,EWD,AMEX,67
DriveU.auto,Li Auto Inc ADR,LI,Nasdaq,62
Drone Nerds Inc,Nerds On Site Inc,NOSUF,OTC,81
Droople,Peoples Ltd,PPLL,OTC,56
Dslab Global Inc.,J2 Global Inc,JCOM,Nasdaq,87
dSpace Inc.,Spacefy Inc,SPFYF,OTC,86
Dual Electronics Corporation,IEC Electronics,IEC,Nasdaq,85
DWS / The Model Yacht Club,Model N Inc,MODN,NYSE,62
Dyaco International Inc.,Gc International Inc,GCIN,OTC,92
"Dynabook Americas, Inc.",Bio-America Inc,BOAA,OTC,78
Dynabook EMEA,Mesa Labs Inc,MLAB,Nasdaq,54
Dynair Korea Co.Ltd,Zip CO Ltd,ZIZTF,OTC,75
Dynaxion,Adynxx Inc,ADYX,OTC,67
e-CASSINI,As-Ip Tech Inc,IPTK,OTC,61
E-valucon,Alico Inc,ALCO,Nasdaq,56
Earin AB,Haber Inc,ASPT,OTC,71
EARSQUARED,Square,SQ,NYSE,75
Easternsky Corp.,Steris Corp,STE,NYSE,77
Eastman,Eastman Chemical Company,EMN,NYSE,100
"EasyDo Technology (Shenzhen) Co., Ltd.",Keynes Technology CO Ltd,KYNS,OTC,83
ECG-Excellence,Fuelcell Energy Inc,FCEL,Nasdaq,61
Echonet Consortium,United Consortium,UCSO,OTC,74
ECOJOKO,Kao Corp,KAOCF,OTC,53
"Ecowell Co., Ltd.",Secom CO Ltd,SOMLF,OTC,77
Edarts Games Company Limited,3M Company,MMM,NYSE,82
Edge by Ascential,Central Fed Cp,CFBK,Nasdaq,65
Edifier International Limited,Atn International,ATNI,Nasdaq,87
Efficient Power Conversion,Conversion Labs Inc,CVLB,Nasdaq,69
"Eflow Co., Ltd.",Aeon Co. Ltd,AONNF,OTC,78
Eins S&C,C S P Inc,CSPI,Nasdaq,71
EK Cooling Solutions LLC,Tech Solutions,TSCC,OTC,78
"EKAA Technology Co., Ltd",Viomi Technology CO Ltd ADR,VIOT,Nasdaq,87
Eksa Inc.,Tesla Inc,TSLA,Nasdaq,82
"ELECLEAN Co., Ltd.",Zip CO Ltd,ZIZTF,OTC,75
Elektrobit (EB),Byd Electronic,BYDIF,OTC,67
Element Materials Technology,Align Technology,ALGN,Nasdaq,77
Elements Data co.ltd.,Ntt Data Corp Ltd,NTDTY,OTC,76
eLichens,Kent Expl Inc,KXPLF,OTC,57
Elysie,Eplus Inc,PLUS,Nasdaq,53
Embleema,Emles Home ETF,LIV,AMEX,55
embotech AG,Evotec Ag Ads,EVTCY,OTC,67
EMD Performance Materials Corp.,Mp Materials Corp,MP,NYSE,90
Emitwise,Whitestone REIT,WSR,NYSE,61
"Emma Healthcare Co,Ltd.",Ping An Healthcare & Technology CO Ltd,PANHF,OTC,87
Emoj S.R.L.,Diasorin S.R.L.,DSRLF,OTC,67
"Emotionwave, Inc.",Lemonade Inc,LMND,NYSE,74
Endothelix,Orthometrix Inc,OMRX,OTC,56
"Enercamp Co., Ltd.",Entera Bio Ltd,ENTX,Nasdaq,76
Enercamp Inc.,Emera Inc,EMRAF,OTC,76
Energysquare,Spark Energy,SPKE,Nasdaq,75
ENERNET,Nextera Energy,NEE,NYSE,67
Engadget,Enbridge,EBGEF,OTC,62
ENISHIA Inc.,Ennis Inc,EBF,NYSE,80
Entercom,Entercom Communications Corp,ETM,NYSE,100
Enventys Partners,Partners Group,PGPHF,OTC,73
epicnpoc SAS,Sas Ab,SASDF,OTC,67
Epoch??,Epoxy Inc,EPXY,OTC,57
Equity Brands,Kid Brands,KIDBQ,OTC,75
eRTOSgener,Mersen,CBLNY,OTC,62
eSalon,Seilon,SEIL,OTC,67
Escrypt,The Aes Corp,AES,NYSE,63
ESII,Eos Inc,EOSS,OTC,55
"Esper.io, Inc.",Eos Petro Inc,EOPT,OTC,80
"Espresomedia Co., Ltd.",Zip CO Ltd,ZIZTF,OTC,75
Essence,Mersen,CBLNY,OTC,62
Eta Compute,Compugen Ltd,CGEN,Nasdaq,70
ETRI (Electronics and Telecommunications Research,IEC Electronics,IEC,Nasdaq,85
"Etron Technology, Inc.",Gsi Technology Inc,GSIT,Nasdaq,88
ETX Studio,The Movie Studio Inc,MVES,OTC,75
Eunsung Global Corp,Pan Global Corp,PGLO,OTC,85
Eurekite,Eureka 93 Inc,LXLLF,OTC,57
Euro CB Philippines,Philippines Ishares MSCI ETF,EPHE,AMEX,73
EverEx,Vertex Energy,VTNR,Nasdaq,63
evway by Route220,BRT Realty Trust,BRT,NYSE,55
"Exaeris Water Innovations, LLC",Areti Web Innovations Inc,AWEB,OTC,74
Exaion,Hexagon,HXGBY,OTC,77
Excelar Technologies,Cps Technologies,CPSH,Nasdaq,86
"Excellence Co.,Ltd.",Zip CO Ltd,ZIZTF,OTC,75
Exertis Global Operations,Nv5 Global,NVEE,Nasdaq,75
Exos srl,Sterling Cons,STCC,OTC,57
Experify AG,Agl Energy,AGLNF,OTC,67
Expivi,Medivir B,MVRBF,OTC,53
"EXTRIPLE.Co.,Ltd",Zip CO Ltd,ZIZTF,OTC,75
Eye-Net Mobile Ltd.,Fih Mobile Ltd,FXCNF,OTC,83
EyeLights,Light Sa,LGSXY,OTC,71
EyeQue Corporation,3Com Corporation,COMS,Nasdaq,81
Eyesafe,Centerspace,CSR,NYSE,56
Eyeware,Acceleware Ltd,ACWRF,OTC,57
EZCal,Sezzle,SEZNL,OTC,55
Ezlo Innovation,H2O Innovation,HEOFF,OTC,83
F-Secure,F-Secure Inc,FSOYF,OTC,100
FAA UAS Integration Office,Office Depot,ODP,Nasdaq,67
FaceHeart Inc.,Acer Inc,ACEYY,OTC,76
FallCall Solutions,Tech Solutions,TSCC,OTC,78
Family Self Care,E L Finl Corp,ELFIF,OTC,62
Fanta Company Limited,Wunong Net Technology Company Limited,WNW,Nasdaq,83
FARMPRO,Metro Ag ADR,MTGGY,OTC,53
"Fasac System (Thailand) Co., Ltd",Zip CO Ltd,ZIZTF,OTC,75
fash\on,Fanhua Inc,FANH,Nasdaq,59
FASTEESH Y-BRUSH,Fat Brands Inc,FAT,Nasdaq,53
Fauna Audio GmbH,Addiko Bk Ag,ADBKF,OTC,57
FCA US LLC,Directa Plus Plc,DTPKF,OTC,62
"Feher Research, Inc.",Acm Research Inc,ACMR,Nasdaq,86
Fibocom Wireless Inc,Erf Wireless Inc,ERFB,OTC,86
Fiduciaedge,Heritage Financial,HFWA,Nasdaq,55
FIFTY,Fit After Fifty Inc,FTFY,OTC,100
Filo Srl,Filo Mining Corp,FLMMF,OTC,67
FIRST ASCENT INC.,First Solar Inc,FSLR,Nasdaq,75
"First International Computer, Inc.",Gc International Inc,GCIN,OTC,92
"FIXAR-AERO, SIA",Acerinox Sa ADR,ANIOY,OTC,69
Fixbid Corporation,3Com Corporation,COMS,Nasdaq,81
Fledging LLC,Allegion Plc,ALLE,NYSE,67
Flexcil Inc.,Cibl Inc,CIBY,OTC,74
Flic,Aflac Inc,AFL,NYSE,62
floLIVE,Olivut Res Ltd,OLVRF,OTC,57
Fluent.ai,Fluent Inc,FLNT,Nasdaq,84
"Fluo Labs, LLC",Halo Labs Inc,AGEEF,OTC,69
Flux Planet,Planet Green Holdings Corp,PLAG,AMEX,71
"Fly Cat Electrical Co., Ltd.",Funai Electric CO Ltd ADR,FUAIY,OTC,76
Flyingcrazyer,Razer Inc,RAZFF,OTC,73
"Flypie Technology Co., Ltd",Viomi Technology CO Ltd ADR,VIOT,Nasdaq,83
Flywallet,Iwallet Corp,IWAL,OTC,57
Folia Health,Nobilis Health,NRTSF,OTC,77
Follow B.V.,Volvo Ab,VLVLY,OTC,56
Food&Sommelier,Premier Foods,PFODF,OTC,67
Foodstar,Star Gold Corp,SRGZ,OTC,64
Force Impact Technologies (FIT),Cps Technologies,CPSH,Nasdaq,86
Forciot,Cyios Corp,CYIO,OTC,59
"Foreaider Co., Ltd",Zip CO Ltd,ZIZTF,OTC,75
Foresight Automotive Ltd.,Automotive Finco,RMIAF,OTC,77
Foretellix,Elinx Corp,ELNX,OTC,60
Formlabs,Formula Sys [1985],FORTY,Nasdaq,58
Fostec Inc,Mastec Inc,MTZ,NYSE,80
Foxsmart Systems GmbH,GSE Systems,GVP,Nasdaq,78
Fractus Antennas,Antisense Therapeutics,ATHJF,OTC,58
Fraunhofer IIS,Gunther Grant Inc,GNGR,OTC,58
Fraunhofer IOF,Gunther Grant Inc,GNGR,OTC,58
French Tech / Region Nouvelle-Aquitaine,Industrial Tech Acquisitions Inc,ITACU,Nasdaq,58
"Fukuoka City, Japan",Japan Equity Fund,JEQ,NYSE,69
FUNTEK,The Gdl Fund,GDL,NYSE,56
"Funzin Co., Ltd.",Zip CO Ltd,ZIZTF,OTC,78
fuse.ar,Bel Fuse Cl A,BELFA,Nasdaq,73
Futaba Corporation of America,Tracker Corporation of America Inc,TRKR,OTC,86
Future Ready Solutions,Future Mobility Solutions Ltd,SLFFF,OTC,84
Future Seating: X-Chair Office and Mavix Gaming,Office Depot,ODP,Nasdaq,67
"Future US, Inc",Future Fintech Group Inc,FTFT,Nasdaq,87
Future Worlds University of Southampton,University Bncp Mich,UNIB,OTC,67
FutuRocket Co.,Futuris CO,FTRS,OTC,70
G+D Mobile Security,T-Mobile US,TMUS,Nasdaq,71
"G. Bopp USA, Inc.",Petro USA Inc,ATPTD,OTC,70
G.DRONE,Delta Drone,DLRWF,OTC,83
Galaxy Microsystems Limited,Ppc Limited,PPCLY,OTC,78
Gameon.Store,Gamco Investors,GBL,NYSE,67
Gamitee,Samsonite,SMSEY,OTC,62
Gangwon Technopark,Technopro Holdings Inc,TXHPF,OTC,60
"Ganzin Technology, Inc.",Gsi Technology Inc,GSIT,Nasdaq,88
Gardyn,Ardelyx Inc,ARDX,Nasdaq,59
GARMIN International Inc.,Gc International Inc,GCIN,OTC,92
Gatedoc: Smart Temperature Scanner,Haier Smart Home CO Ltd,HRSHF,OTC,54
Gauzy Ltd,Gan Ltd,GAN,Nasdaq,75
"GD Esthetical Her Industrial Investment Co., Ltd.",Shenzhen Investment Ltd,SZNTF,OTC,76
"GE Lighting, a Savant company",3M Company,MMM,NYSE,82
geekline llc.,Genelink Inc,GNLKQ,OTC,67
"GemTech Co., Ltd.",Zip CO Ltd,ZIZTF,OTC,75
"Gene-Hub Technology Co., Ltd",Keynes Technology CO Ltd,KYNS,OTC,84
General Motors,General Motors Company,GM,NYSE,100
General Sound Co.,General Fn Cum Pfd C,GFNCP,Nasdaq,72
GenesInk,Genesco Inc,GCO,NYSE,74
Genieworks,Pixelworks Inc,PXLW,Nasdaq,67
"GeniRobot Co., Ltd",Saniro CO Ltd,SNROF,OTC,76
GenkiTek,Genefit,GNFTF,OTC,67
Gense Technologies Limited,Micromedic Technologies Limited,MROMF,OTC,87
Gentex Corporation,3Com Corporation,COMS,Nasdaq,81
Gentherm Inc.,Gentherm Inc,THRM,Nasdaq,100
Geogram Corporation,3Com Corporation,COMS,Nasdaq,81
Geoplan,Tepla Ag,TPLKF,OTC,67
"Geotab, Inc.",Ecolab Inc,ECL,NYSE,80
GETD Industry Co. Limited,Ppc Limited,PPCLY,OTC,78
GHSP,SAP Ag,SAP,NYSE,60
Giftpack Inc.,Gifa Inc,GIFX,OTC,80
Glissner,Palfinger Ag,PLFRY,OTC,60
"Global Media Industry Group Co., Ltd.",Cxj Group CO Ltd,ECXJ,OTC,86
Global Mobility Service Inc.,J2 Global Inc,JCOM,Nasdaq,87
GlobalM,Nv5 Global,NVEE,Nasdaq,71
"Globant, LLC",Globant S.A.,GLOB,NYSE,78
"Glorykylin International Co.,Ltd.",Uge International Ltd,UGEIF,OTC,89
Glossika Pte. Ltd.,Global Techs Ltd,GTLL,OTC,69
Glowforge,Global Self Storage,SELF,Nasdaq,57
GNS Mobileance.Co.LTD.,Zip CO Ltd,ZIZTF,OTC,75
Go4ioT,Boiron,BOIRF,OTC,50
Goal Zero LLC,Serco Group Plc.,SCGPY,OTC,64
Goama Pte Ltd,Forza Pete Ltd,ORXPF,OTC,74
Gocious,Cyios Corp,CYIO,OTC,59
"GODOX Photo Equipment Co., Ltd.",Zip CO Ltd,ZIZTF,OTC,75
Golden Technology Group Ltd.,Sim Technology Group,SIMTF,OTC,89
"Goldrabbit Co.,Ltd.",Gravity CO Ltd,GRVY,Nasdaq,77
"Goldsun Electronics Co., Ltd.",IEC Electronics,IEC,Nasdaq,85
GREAT Britain and Northern Ireland: Innovation,H2O Innovation,HEOFF,OTC,83
"Great Star Industrial USA, LLC",Industrial & Commer,IDCBF,OTC,74
Green Hills Software LLC,Asure Software,ASUR,Nasdaq,73
"Green Jacket Sports Co., Ltd",Zip CO Ltd,ZIZTF,OTC,75
Green Systems Automotives,GSE Systems,GVP,Nasdaq,78
Green Tech Innovations,Green Leaf Innovations Inc,GRLF,OTC,87
"Greentech Co., Ltd",China Everbright Greentech Ltd,CNEBF,OTC,90
GreenWaves Technologies,Cps Technologies,CPSH,Nasdaq,86
Gridpocket,Kent Gida,KTGDF,OTC,63
Grupo Antolin,Groupe Danone,GPDNF,OTC,69
GS Caltrex Corporation,3Com Corporation,COMS,Nasdaq,81
"Guangdong Allwin Technology Co., LTD",Keynes Technology CO Ltd,KYNS,OTC,83
"Guangdong Bestek E-commerce Co., Ltd.",Zip CO Ltd,ZIZTF,OTC,75
"Guangdong Boltpower Energy Co., Ltd.",88 Energy Ltd,EEENF,OTC,87
"Guangdong Deerma Technology Co., Ltd",Keynes Technology CO Ltd,KYNS,OTC,83
"Guangdong Transtek Medical Electronics Co., Ltd.",IEC Electronics,IEC,Nasdaq,85
"Guangdong Unipin Medical Technology Co., Ltd",Keynes Technology CO Ltd,KYNS,OTC,83
Guangzhou Aichitect Technology Corporation,3Com Corporation,COMS,Nasdaq,81
"Guangzhou Chicken Run Network Technology Co., Ltd.",Keynes Technology CO Ltd,KYNS,OTC,83
"Guangzhou Goldspin Electronic Technology Co., Ltd.",Electronic Sys Technology Inc,ELST,OTC,84
Guangzhou Havit Technology Company Limited,Dxc Technology Company,DXC,NYSE,90
"Guangzhou Huge Circle Electronic Technology Co., L",Electronic Sys Technology Inc,ELST,OTC,84
"Guangzhou Sunruo Film Co., Ltd.",Zip CO Ltd,ZIZTF,OTC,75
Guardian SrL,United Guardian Inc,UG,Nasdaq,80
GuardKnox Cyber Technologies Ltd.,Gea Technologies Ltd,GEATF,OTC,89
"Guilin Zhishen Information Technology Co., Ltd.",Keynes Technology CO Ltd,KYNS,OTC,83
"Guizhou Fortuneship Technology Co., Ltd.",Keynes Technology CO Ltd,KYNS,OTC,83
Gurtam,Varta Ag,VARGF,OTC,57
Gwoop,Agco Corp,AGCO,NYSE,57
Gyeong-buk Center for Creative Economy&Innovation,H2O Innovation,HEOFF,OTC,83
Gyeonggi Content Agency,Agency Bond Ishares ETF,AGZ,AMEX,57
Gyrfalcon Technology Inc.,Gsi Technology Inc,GSIT,Nasdaq,88
H Robotics Inc.,Avra Medical Robotics Inc,AVMR,OTC,92
"H.P.B. Optoelectronics Co., Ltd.",H I S Co. Ltd,HISJF,OTC,80
Hailo,Awilco,AWLCF,OTC,73
HairMax,Syndax Pharma,SNDX,Nasdaq,60
Hampton Products International,Atn International,ATNI,Nasdaq,87
Hancom Group,Adveco Group,ADVV,OTC,75
HANDL New York,New York Mtge Trust,NYMT,Nasdaq,73
"Hangman Products, Inc.",Plus Products Inc,PLPRF,OTC,83
"Hangzhou Hong Jing Drive Co., Ltd.",Zip CO Ltd,ZIZTF,OTC,75
Hanseo University,University Bncp Mich,UNIB,OTC,74
Hanwei Electronic Corportation,Byd Electronic,BYDIF,OTC,83
Hanyang University,University Bncp Mich,UNIB,OTC,71
HaptX,Aptinyx Inc,APTX,Nasdaq,50
Hatch Duo,Euro Tech Hld,CLWT,Nasdaq,64
HD Medical Inc.,Acutus Medical Inc,AFIB,Nasdaq,88
"HDMI Licensing Administrator, Inc.",NN Inc,NNBR,Nasdaq,67
Healium,Radius Health,RDUS,Nasdaq,60
HeartHero,Pra Health,PRAH,Nasdaq,63
Heat Sol,Heat Biologics Inc,HTBX,Nasdaq,67
Heatbox: The Self-Heating Lunchbox,Eaton Vance Floating-Rate Inco,EFF,NYSE,57
Heatworks,Ati Networks,ATIW,OTC,67
Hello Genius,Genius Brands International Inc,GNUS,Nasdaq,67
HELLOMYBOT,Lvmh Moet Henn,LVMUY,OTC,50
Helm.ai,Hexpol Ab,HXPLF,OTC,62
HERE Technologies,Kure Technologies,UBSBF,OTC,88
HEROES Inc.,Eos Inc,EOSS,OTC,82
"Heroic-Faith Medical Science Co., Ltd.",Next Science Ltd,NXSCF,OTC,81
"Hesai Technology Co., Ltd.",Viomi Technology CO Ltd ADR,VIOT,Nasdaq,85
Hexagon,Hexagon Ab,HXGBF,OTC,100
Hezholdings - Hanseo University,University Bncp Mich,UNIB,OTC,67
"HHS Co.,Ltd.",H I S Co. Ltd,HISJF,OTC,82
Hi-cozy corporation,3Com Corporation,COMS,Nasdaq,81
Hiber B.V.,Liberty Tripadv B,LTRPB,Nasdaq,62
HidrateSpark,Integrated Parking,IGPK,OTC,60
Hills Engineering - Hanseo University,University Bncp Mich,UNIB,OTC,67
HiMirror by Cal-Comp Big Data Int'l Ltd.,Globex Data Ltd,SWISF,OTC,70
"Hirose Electric Co., Ltd.",Hirose Electric,HRSEF,OTC,100
"Hisense Visual Technology Co., Ltd",Keynes Technology CO Ltd,KYNS,OTC,83
Hitachi-LG Data Storage Inc.,Hitachi,HTHIY,OTC,100
HMG Inc.,Mogo Inc,MOGO,Nasdaq,80
HnBGenomics,Neogenomics Inc,NEO,Nasdaq,69
Hogan Lovells,Houlihan Lokey,HLI,NYSE,59
Hogar Controls,Quadlogic Controls C,QDLC,OTC,73
Holst Centre TNO,Centrex Metals Ltd,CTXXF,OTC,65
Honey IT Inc,Honey Badger Silver Inc,HBEIF,OTC,86
Honeywld Technology Corp.,Par Technology Corp,PAR,NYSE,88
Hong Kong Trade Development Council,Cypress Development,CYDVF,OTC,73
HONGBOG Co. Ltd.,Shionogi & CO Ltd,SGIOF,OTC,83
"Horizon Robotics Co., Ltd.",Horizon Oil Ltd,HZNFF,OTC,85
Hoseo University,University Bncp Mich,UNIB,OTC,77
Howe Hi-Tech LLC,New Home CO Llc,NWHM,NYSE,65
HP Inc.,HP Inc,HPQ,NYSE,100
"Hua Rui Technology (Shenzhen) Co., Ltd",Keynes Technology CO Ltd,KYNS,OTC,83
Huan Guang Technologies,Cps Technologies,CPSH,Nasdaq,86
Hubb,Hubb Ventures Inc,HUBV,OTC,100
Hudway,Highway 50,HGGCF,OTC,50
"Huizhou Foryou General Electronics Co., Ltd.",IEC Electronics,IEC,Nasdaq,85
HUJECT,Nutech,NTCI,OTC,50
Human Capable Inc,Mango Capital Inc,MCAP,OTC,76
Human Touch LLC,Hilan Tech Ltd,HLTEF,OTC,62
"Humatech Co., Ltd",Humatech Inc,HUMT,OTC,80
Humetrix,Neurometrix Inc,NURO,Nasdaq,61
"Huvitech Co., Ltd.",Zip CO Ltd,ZIZTF,OTC,75
Huwant Corp.,Quantum Corp,QMCO,Nasdaq,78
HWA S.R.L.,Diasorin S.R.L.,DSRLF,OTC,71
Hycco,Hyrecar Inc,HYRE,Nasdaq,50
HYCO Technology,Micron Technology,MU,Nasdaq,81
Hydraloop Systems,GSE Systems,GVP,Nasdaq,78
Hynamics,Hyperdynamics Corp,HDYNQ,OTC,62
Hyper by Sanho Corporation,3Com Corporation,COMS,Nasdaq,81
Hyper Lychee,Hyperblock Inc,HYBOF,OTC,54
Hyperion Motors,Elio Motors Inc,ELIO,OTC,73
HyperX,Aperam,APEMY,OTC,50
Hyunsung,Johnson & Johnson,JNJ,NYSE,53
"HZO, Inc.",Noho Inc,DRNK,OTC,80
I'mbesideyou Inc.,I I V I Inc,IIVI,Nasdaq,83
I-ON Communications,I-On Communications Corp,IONI,OTC,100
I.X,Wex Inc,WEX,NYSE,60
i4 Technology,Senmiao Technology Ltd,AIHS,Nasdaq,87
i4Things,Dht Holdings,DHT,NYSE,60
ianacare,Acacia Res-Acacia,ACTG,Nasdaq,67
Ibeo Automotive Systems GmbH,GSE Systems,GVP,Nasdaq,78
ible Technology Inc.,Leap Technology Inc,LPTC,OTC,89
IBM,Rosinbomb,ROSN,OTC,50
iBUYPOWER,Plug Power Inc,PLUG,Nasdaq,61
Icarus Swarms,Solaris Res Inc,SLSSF,OTC,64
ICON Corporation,3Com Corporation,COMS,Nasdaq,88
ICON.AI,Icon Plc,ICLR,Nasdaq,73
iCreation Inc.,Puration Inc,PURA,OTC,80
"ICS Components Co., Ltd.",Zip CO Ltd,ZIZTF,OTC,75
Idein Inc.,Identiv Inc,INVE,Nasdaq,80
"iDevice, Inc.",Kidville Inc,KVIL,OTC,78
ido-data,Data I O Cp,DAIO,Nasdaq,74
iGIS,Igg Inc,IGGGF,OTC,55
"igloocompany Pte., Ltd.",Exceed Company Ltd,EDSFF,OTC,68
"iHeartMedia, Inc.",Iheartmedia Inc,IHRT,Nasdaq,100
"iHH Co., Ltd.",Zip CO Ltd,ZIZTF,OTC,80
IL Science,Anpac Bio-Medical Science CO ADR,ANPC,Nasdaq,82
IL3X (XELI Srl),Rxelite Inc,RXEI,OTC,58
Imagimob,Imaginon Inc,IMGI,OTC,60
Incooling,Oblong Inc,OBLG,AMEX,74
Incus Company Limited,Wunong Net Technology Company Limited,WNW,Nasdaq,83
Indoor Robotics,Novus Robotics Inc,NRBT,OTC,73
Industrial Technology Research Institute,Align Technology,ALGN,Nasdaq,77
Indy Autonomous Challenge,Foresight Autonomous Holdings Ltd ADR,FRSX,Nasdaq,58
Infineon Technologies Americas Corp.,G2 Technologies Corp,GTGED,OTC,92
infiniq,Intuit Inc,INTU,Nasdaq,59
Influenxio Limited,Ppc Limited,PPCLY,OTC,78
Information Technology Centre BARS,Zzll Information Technology Inc,ZZLL,OTC,83
"INFOWORKS Co,. LTD.",Zip CO Ltd,ZIZTF,OTC,75
Inhalio,Kali Inc,KALY,OTC,67
Inhance,Restance Inc,ANCE,OTC,63
Innolux Corp.,Infonow Corp,INOW,OTC,75
InnoPhase Inc.,Innospec Inc,IOSP,Nasdaq,80
InnovationLab GmbH,H2O Innovation,HEOFF,OTC,75
Innoviz Technologies Ltd.,Gea Technologies Ltd,GEATF,OTC,89
Innovusion,Intrusion Inc,INTZ,Nasdaq,70
InnoWave Design LLC,Innovative Designs,IVDN,OTC,76
Innowtech,Softech Inc,SOFT,OTC,70
Inovo Robotics (HK) Limited,Ppc Limited,PPCLY,OTC,78
Inpulse,Pulse Data Inc,PLSDF,OTC,67
Inseego Corp.,Inseego Corp,INSG,Nasdaq,100
Insenso By Welcome,Sensio Technologies Inc,SNIOF,OTC,59
Insolmnt inc.,Incoming Inc,ICNN,OTC,75
InstallerNet Inc.,Pinterest Inc,PINS,NYSE,76
Integrated Public Alert and Warning System (IPAWS),Maxim Integrated,MXIM,Nasdaq,77
Intel Corporation,3Com Corporation,COMS,Nasdaq,81
Intermedia Laboratory Inc.,01 Communique Laboratory Inc,OONEF,OTC,72
InterMinds,Iteris Inc,ITI,Nasdaq,70
International Flat Cable,Atn International,ATNI,Nasdaq,87
intersection energy technology LTD,88 Energy Ltd,EEENF,OTC,87
Intertek,Intertek Group Plc,IKTSF,OTC,100
InTheKeg Inc.,Bantek Inc,BANT,OTC,73
"IntheTech Co., Ltd",Zip CO Ltd,ZIZTF,OTC,75
Intin Inc.,Intuit Inc,INTU,Nasdaq,84
Intosee,Optinose Inc,OPTN,Nasdaq,63
Inuitive,Univec Inc,UNVC,OTC,67
InvenSense,Zenosense Inc,ZENO,OTC,78
Inwith Corporation,3Com Corporation,COMS,Nasdaq,81
IoGear,Netgear Inc,NTGR,Nasdaq,59
IoT M2M Council,Light Mgmt Group Inc,LMGR,OTC,57
IOTALAB SRL,Solar Capital,SLRC,Nasdaq,58
IoThink Solutions,Tech Solutions,TSCC,OTC,78
Iotize SAS,Sas Ab,SASDF,OTC,67
iParcelBox,Levelblox Inc,LVBX,OTC,61
IPG,Ipg Photonics Corp,IPGP,Nasdaq,100
IPG Media Lab,Mesa Labs Inc,MLAB,Nasdaq,69
iPreg Inc.,Impreso Inc,ZCOM,OTC,80
Iraten Solutions,Tech Solutions,TSCC,OTC,80
IRISBOND,Microvision,MVIS,Nasdaq,63
Is Clean Air Italy,Clean Air Metals Inc,CLRMF,OTC,79
Isarabike Company Limited,3M Company,MMM,NYSE,82
"ISENTECH Co., Ltd",Tachi's Co. Ltd,TCISF,OTC,76
ISISpace Group,Safilo Group Spa,SAFLF,OTC,73
Israel Export Institute,Institute of Biomedi,MRES,OTC,62
Israeli Pavilion,Isra Vision Ag,IRAVF,OTC,67
iStaging Corp.,Bigstring Corp,BSGC,OTC,81
It's Prodigy,Progyny Inc,PGNY,Nasdaq,61
Italian Trade Agency,Valiant Eagle Inc,PSRU,OTC,65
iUP S.r.l.,Diasorin S.R.L.,DSRLF,OTC,71
IVY AI,Ivy High Income Opportunities,IVH,NYSE,67
Ivy Group,V Group Inc,VGID,OTC,80
iWavenology,Newater Technology Inc,NEWA,Nasdaq,61
"iWEECARE Co., Ltd.",Zip CO Ltd,ZIZTF,OTC,75
J-WELL,U.S. Well Services Inc,USWS,Nasdaq,80
J5Create,E-Waste Corp,EWST,OTC,60
Jabra,Aperam,APEMY,OTC,55
Jackery Inc.,Acer Inc,ACEYY,OTC,84
Japan (J-Startup),Apa Group,APAJF,OTC,58
Japan Tech Project,Alpha Pro Tech,APT,AMEX,75
"Jiangsu Tenwei Electronic Co., Ltd.",Byd Electronic,BYDIF,OTC,83
"Jiangxi Innotech Technology Co., Ltd.",Keynes Technology CO Ltd,KYNS,OTC,83
"Jiaxing Jinlida Electron Co., Ltd.",Tokyo Electron Ltd,TOELF,OTC,80
"Jingletek Co., Ltd",Zip CO Ltd,ZIZTF,OTC,75
JM Smart,Nasdaq Clean Edge Smart Grid Infr Fund FT,GRID,Nasdaq,77
John Deere,Deere & Company,DE,NYSE,70
"Joint Power eXponent, Ltd.",Exponent Inc,EXPO,Nasdaq,80
JoongAng Control,Photon Control Inc,POCEF,OTC,65
Jooxter,Cytomx Thera,CTMX,Nasdaq,53
JOULE 4.0 SRL,Union Elec CO 4.30 Pr,UEPCP,OTC,53
"JUN ZHI Biomedical Co., Ltd.",Acro Biomedical CO Ltd,ACBM,OTC,87
Jung An Healthcare,Ping An Healthcare & Technology CO Ltd,PANHF,OTC,84
Jungo Connectivity Ltd.,Te Connectivity Ltd,TEL,NYSE,91
K-STARTUP,Starhub Ltd,SRHBF,OTC,60
"Kallion, Inc.",Kallo Inc,KALO,OTC,90
Karamba Security,Magal Security Syst,MAGS,Nasdaq,67
"KARIS Co., Ltd",Eisai CO Ltd ADR,ESALY,OTC,79
KAT VR,Kat Exploration Inc,KATX,OTC,67
KAWANTECH SAS,Sas Ab,SASDF,OTC,67
KDH Design Inc.,Docusign Inc,DOCU,Nasdaq,69
Kearney,Delta Drone,DLRWF,OTC,56
"Keeson Technology Corporation, Ltd.",Recon Technology Ltd,RCON,Nasdaq,82
Kemanji,Bemax Inc,BMXC,OTC,50
Kentyou,Keycorp,KEY,NYSE,57
Kew Labs,Conversion Labs Inc,CVLB,Nasdaq,67
Keyveo,Keycorp,KEY,NYSE,62
KID'VENTURE,10X Capital Venture Acquisition Corp,VCVCU,Nasdaq,78
Kimber Kable,Bambuser Ab,BSKZF,OTC,61
Kinetic Lab Inc.,Kinetic Group Inc,KNIT,OTC,85
Kinetic Technologies,Bk Technologies Inc,BKTI,AMEX,87
Kingston Technology,Align Technology,ALGN,Nasdaq,80
"KIOXIA America, Inc.",Bio-America Inc,BOAA,OTC,85
KIPSUM,Smc Cp,SMECF,OTC,50
KKW DESIGN SOLUTIONS KOREA. CO,Tech Solutions,TSCC,OTC,78
Klaxoon,Axon Inc,AAXN,Nasdaq,53
Klepsydra Technologies GmbH,Cps Technologies,CPSH,Nasdaq,86
Knowtice,Lattice Inc,LTTC,OTC,53
Knuckles 5,Nukkleus Inc,NUKK,OTC,64
Koda Inc.,Kadant Inc,KAI,NYSE,78
Kohler Company,Kroger Company,KR,NYSE,86
Koito & NAL,Koito Manufacturing Co. Ltd,KOTMF,OTC,71
Konka North America,Purebetasm FTSE Developed Ex-North America ETF,PBDM,AMEX,81
Konnecto,Coconnect Inc,MMND,OTC,57
Kono Corporation Ltd.,Citigold Corporation Ltd,CTOHF,OTC,86
Konrad Technologies,Cps Technologies,CPSH,Nasdaq,86
KORE Wireless,O2 Secure Wireless,OTOW,OTC,77
"Korea Alpha System Co., Ltd.",Zip CO Ltd,ZIZTF,OTC,75
Korea Electronics Technology Institute (KETI),IEC Electronics,IEC,Nasdaq,85
Korea Intelligent Automotive Promotion Institute,Automotive Finco,RMIAF,OTC,77
Korea Pavillion (KOTRA),Korea Fund,KF,NYSE,67
Korea SME's and Startups Agency,Korea Fund,KF,NYSE,67
"Kotozna, Inc.",Ooma Inc,OOMA,NYSE,74
"Koup (Novoleap Co., Ltd.)",Zip CO Ltd,ZIZTF,OTC,75
"KSTYLES Co., Ltd.",Zip CO Ltd,ZIZTF,OTC,75
Kudelski Group,LGL Group,LGL,AMEX,71
"Kunyoung Tech Co., Ltd",T A T Tech Ltd,TATT,Nasdaq,80
KURZ,Autris,AUTR,OTC,40
L'Oreal,L'Oreal CO Act,LRLCF,OTC,100
La French Tech Polyn??sie -Tech4Islands,Exela Tech,XELAU,OTC,57
La Ruche ?? V??los,DE LA Rue,DLUEY,OTC,61
LabEatalot,Catalyst Bio,CBIO,Nasdaq,55
Lasso Loop Recycling Ltd,Gl Ltd,GUORF,OTC,67
"Leaders Rehab Robot Co.,Ltd.",Zip CO Ltd,ZIZTF,OTC,75
LeapMind Inc.,Axmin Inc,AXMIF,OTC,76
Lear Corporation,Concentrix Corporation,CNXC,Nasdaq,81
LeddarTech,Flurotech,FLURF,OTC,63
Leedarson IoT Technology Inc.,Gsi Technology Inc,GSIT,Nasdaq,88
Leman Micro Devices,Adv Micro Devices,AMD,Nasdaq,87
Lenovo,Lenovo Group Ltd Ord,LNVGF,OTC,100
"Let-Win Tech Co., Ltd",T A T Tech Ltd,TATT,Nasdaq,80
"Letsee, Inc.",Allete Inc,ALE,NYSE,80
Letsfit,Genefit,GNFTF,OTC,57
Leviton,Evio Inc,EVIO,OTC,67
LexChain,Livechain Inc,LICH,OTC,67
Lexon,Hexagon,HXGBY,OTC,67
lextan,Hexagon,HXGBY,OTC,62
Leyden Jar Technologies,Cps Technologies,CPSH,Nasdaq,86
LG Display,Lg Display CO Ltd,LPL,NYSE,100
LG Electronics,IEC Electronics,IEC,Nasdaq,88
Lidwave,Radware Ltd,RDWR,Nasdaq,56
"Lifecore Instrument, Inc.",Veeco Instrument,VECO,Nasdaq,77
LifeSmart,Cubesmart,CUBE,NYSE,67
LIFY AIR,Vitrolife Ab,VTRLY,OTC,60
Light Tree Ventures,Light Sa,LGSXY,OTC,77
Lightcircle of Norway,G-X Norway ETF,NORW,AMEX,60
Lightyear,Lightyear Network,LYNS,OTC,100
"LillyCover Co., Ltd.",Zip CO Ltd,ZIZTF,OTC,75
"Limitless Innovations, Inc.",Luna Innovations Inc,LUNA,Nasdaq,86
LINAGORA,Orla Mining,ORLA,AMEX,63
Link,Link Global Technologies Inc,LGLOF,OTC,100
Lioness,Orgenesis Inc,ORGS,Nasdaq,60
Liopa,Twilio,TWLO,NYSE,55
Lipocoat,Sunoco LP,SUN,NYSE,59
"Liquid Design Systems, Inc.",Casa Systems Inc,CASA,Nasdaq,81
"Little Lot Co., Ltd.",Zip CO Ltd,ZIZTF,OTC,75
"Littleone, Inc.",Soliton Inc,SOLY,Nasdaq,75
"Livall Tech. Co., Ltd.",Covalon Tech Ltd,CVALF,OTC,82
LiveArea,Live Ventures,LIVE,Nasdaq,57
LiveFreely Inc.,Liveworld Inc,LVWD,OTC,74
LivingPackets SAS,Sas Ab,SASDF,OTC,67
"LOAD International. Co., Ltd.",Zk International Group CO Ltd,ZKIN,Nasdaq,89
"Lockists Co., Ltd.",Zip CO Ltd,ZIZTF,OTC,75
Loctek Ergonomic Technology Corp.,Par Technology Corp,PAR,NYSE,88
Loknow,Now Corp,NWPN,OTC,57
Longcheer Technology (U.S.) Limited,Macom Technology S,MTSI,Nasdaq,80
LongGood Meditech,Media Techs Inc,MDTC,OTC,62
Lora DiCarlo,Low Carbon,LWCTF,OTC,64
LoveHandle Grips,Landec Cp,LNDC,Nasdaq,56
Lucid Vr Inc.,Lucid Inc,LCDX,OTC,100
LucidSound,Luduson G,LDSN,OTC,63
LudoTech,Flurotech,FLURF,OTC,82
Lui Technology,Align Technology,ALGN,Nasdaq,87
lululab,Baby All,SFPI,OTC,53
"Lumens Co., Ltd.",Aeon Co. Ltd,AONNF,OTC,75
"Lumeova, Inc",Megola Inc,MGON,OTC,76
Lumi Legend Corp.,Legend Biotech Corp ADR,LEGN,Nasdaq,81
Luminar Technologies,Luminar Technologies Inc,LAZR,Nasdaq,100
Lumiola,Rumo Sa,RUMOF,OTC,57
Luple Inc.,Apple Inc,AAPL,Nasdaq,78
Luther.ai,Luther Burbank Corp,LBC,Nasdaq,80
"Lutron Electronics Co., Inc.",Jaco Electronics Inc,JACO,OTC,86
LUX Lab Inc,Bio Lab Naturals Inc CO,BLAB,OTC,78
Lux Lingua,Jupai Holdings Ltd,JP,NYSE,57
Luxfactory,Fox Factory Cp,FOXF,Nasdaq,58
Luxoft Global Operations GmbH,Nv5 Global,NVEE,Nasdaq,75
"Lydsec Digital Technology Co., Ltd.",Nownews Digital Media Technology CO Ltd,NDMT,OTC,88
Lynx,NZX Ltd,NZSTF,OTC,55
M-Cador,SLM Corp,SLM,Nasdaq,67
M2S,Ams Ag,AUKUF,OTC,44
"M3 Solutions, Co., Ltd.",Dirtt Environmental Solutions Ltd,DRTT,Nasdaq,81
MACA,Acea S,ACEJF,OTC,60
"Macnica, Inc.",Nic Inc,EGOV,Nasdaq,78
Macroact Inc.,Crocs Inc,CROX,Nasdaq,76
Mad Catz Global Limited,Ppc Limited,PPCLY,OTC,78
MAGMA Learning,Truemark Technology Ai & Deep Learning ETF,LRNZ,AMEX,73
Magna International,Magna International,MGA,NYSE,100
Magnima LLC,Magnite Inc,MGNI,Nasdaq,64
Magpie Tech Inc.,Avid Tech Inc,AVID,Nasdaq,79
MAIN INFO,Omagine Inc,OMAGQ,OTC,70
MakerDAO,Kalera As,KSLLF,OTC,59
Maktar Inc.,Adstar Inc,ADST,OTC,80
Mand.ro Co. Ltd.,Rohm CO Ltd ADR,ROHCY,OTC,83
Mando Corporation,3Com Corporation,COMS,Nasdaq,81
MantiSpectra,Spectra Inc,SPKTF,OTC,70
"MaRI Co., Ltd.",Eisai CO Ltd,ESALF,OTC,78
MarketSource,Dana Resources,DANR,OTC,69
Markitech,Faro Tech Inc,FARO,Nasdaq,64
Martin Technologies,Sarin Technologies,SILLF,OTC,92
MAS Innovation Holdings Private Limited,QC Holdings,QCCO,OTC,84
Masterbiga Srls,Eastern Asteria Inc,EATR,OTC,59
Mastrad Inc,Mastercard Inc,MA,NYSE,88
MatrixSense Technology Group Limited,Sim Technology Group,SIMTF,OTC,89
Max Borges Agency,Agency Bond Ishares ETF,AGZ,AMEX,60
Maxim Integrated,Maxim Integrated,MXIM,Nasdaq,100
Maxogen Group LLC,Chc Group Llc,CHHCF,OTC,82
MAXSA Innovations LLC,Qualis Innovations Inc,QLIS,OTC,74
Maxtalent Industrial Limited,Ppc Limited,PPCLY,OTC,78
"MCK Tech Co., Ltd.",Color Star Tech CO Ltd,CSCW,Nasdaq,85
"MCNEX Co., Ltd.",Nexon CO Ltd,NEXOF,OTC,83
Medere,Edenred,EDNMY,OTC,77
MedEXO Robotics (Hong Kong) Company Limited,3M Company,MMM,NYSE,82
Medfluid Co. Ltd.,Zip CO Ltd,ZIZTF,OTC,75
Medi Whale Inc.,Salem Media Grp Inc,SALM,Nasdaq,73
MediaLink,Metalink,MTLK,OTC,82
MEDIAMAP,Mediobanca Spa,MDIBF,OTC,64
Medic-Lead Ltd.,Medigus Ltd Ads,MDGS,Nasdaq,76
Medicaretec - Hanseo University,University Bncp Mich,UNIB,OTC,67
Medipresso,Paperfree Medicl Sol,PFMS,OTC,60
MedivelBio,Medibio Ltd,MDBIF,OTC,67
Medtor LLC,Medley Llc,MDLX,NYSE,70
Meetingselect,Select Asset Inc,CBTRP,OTC,69
MEGA InTech,Megola Inc,MGON,OTC,76
MEGABROS,Mesabi Trust,MSB,NYSE,60
Melexis,Moelis,MC,NYSE,77
Mer Mec S.p.A.,Moncler S.P.A.,MONRF,OTC,77
Mercedes-Benz,Benton Resources,BNTRF,OTC,62
Mercku,Mercari,MRCIF,OTC,62
"MESH Co., Ltd",Eisai CO Ltd,ESALF,OTC,78
Metamaterial Inc.,Metamaterial Inc,MMATF,OTC,100
METEOPTIM,Optimum Interactive,OPTL,OTC,57
"MetroWeather Co.,Ltd,",Metawater CO Ltd,MTWTF,OTC,86
"MEZOO Co., Ltd.",Aeon Co. Ltd,AONNF,OTC,78
Micro Turbine Technology BV,Align Technology,ALGN,Nasdaq,77
"Micron Optoelectronics Co., Ltd",Zip CO Ltd,ZIZTF,OTC,75
Microsoft,Microsoft Corp,MSFT,Nasdaq,100
"Microsystems, Inc.",Allegro Microsystems Inc,ALGM,Nasdaq,100
Midwest Trading Group,LGL Group,LGL,AMEX,71
Mighty Health,Tivity Health,TVTY,Nasdaq,77
Mighty Oaks,Light Sa,LGSXY,OTC,63
"MIJ Co., Ltd.",Zip CO Ltd,ZIZTF,OTC,80
Millo Appliances,Alliance Global,ALGGY,OTC,65
Mimi Hearing Technologies,Cps Technologies,CPSH,Nasdaq,86
"Mimicry Co., Ltd.",Zip CO Ltd,ZIZTF,OTC,75
"Mind & Idea Fly Co., Ltd.",Zip CO Ltd,ZIZTF,OTC,75
Mindesk Srl,Linde Plc,LIN,NYSE,60
Miracle Healthcare Inc.,Healthcare TR Inc,HTIA,Nasdaq,90
"Mirint Co., Ltd.",Mitsui & CO Ltd,MITSF,OTC,77
mirrorroid korea,Korea Fund,KF,NYSE,67
Miscato Limited,Ppc Limited,PPCLY,OTC,78
Mission: Space Food,Save Foods Inc,SAFO,OTC,69
Misty Robotics,G-X Robotics & Artificial Intel Thmtc ETF,BOTZ,Nasdaq,73
MiTAC Digital Technology Corporation,3Com Corporation,COMS,Nasdaq,81
"MOBI Technologies, Inc.",W Technologies Inc,WTCG,OTC,94
MobiDev,Oxbridge WT,OXBRW,Nasdaq,56
Mobilio,Sito Mobile,SITOQ,OTC,78
"MobilTech Co., Ltd.",Obic Co. Ltd,OBIIF,OTC,81
MobiMESH,T-Mobile US,TMUS,Nasdaq,63
Model Solution,Motorola Solutions,MSI,NYSE,75
"ModernTec Co.,Ltd",Modern Tech Corp,MODC,OTC,75
Moen Inc.,Mene Inc,MENEF,OTC,88
Moko Technology Ltd.,Senmiao Technology Ltd,AIHS,Nasdaq,85
Moley Services UK Ltd.,Automatic Bank Services Ltd,ABANF,OTC,73
Monarch Innovation Private Limited,H2O Innovation,HEOFF,OTC,83
Moneybrain Inc.,Merion Inc,EWLU,OTC,75
Monitor The Planet S.R.L.,Shell Midstream Partners LP,SHLX,NYSE,63
MORAI Inc.,Moderna Inc,MRNA,Nasdaq,80
Morari Medical,Auris Medical,EARS,Nasdaq,81
Morel,Moelis,MC,NYSE,73
Morphotonics,Neophotonics Corp,NPTN,NYSE,76
"MOSO Power Supply Technology Co., Ltd",Keynes Technology CO Ltd,KYNS,OTC,83
Motwani Jadeja Foundation,First Foundation,FFWM,Nasdaq,77
"MOVE VI (China) Technology Co., Ltd",Keynes Technology CO Ltd,KYNS,OTC,83
MoviWearMED,Teamviewer,TMVWY,OTC,57
Movon Corporation,3Com Corporation,COMS,Nasdaq,81
mProbeTW,Irobot Corp,IRBT,Nasdaq,53
"mui Lab, Inc.",Bio Lab Naturals Inc CO,BLAB,OTC,78
Murata Electronics,IEC Electronics,IEC,Nasdaq,85
MurphyBooth,Murphy Oil Corp,MUR,NYSE,54
Muzlive Inc.,Univec Inc,UNVC,OTC,76
MY-SERIOUS-GAME,Sprouts Farmers Mark,SFM,Nasdaq,63
myBrain Technologies,Cps Technologies,CPSH,Nasdaq,86
MyElixa,Moelis,MC,NYSE,62
MyKronoz,Ayro Inc,AYRO,Nasdaq,50
Mylime,Cryolife,CRY,NYSE,57
myNUMEA by Linkednutri,Nibe Industrier Ab M,NDRBF,OTC,62
MYREN.INC,Mene Inc,MENEF,OTC,82
MySize INC,My Size Inc,MYSZ,Nasdaq,95
MYUNG SUNG Inc.,Immunogen Inc,IMGN,Nasdaq,67
NAHIBU,Valhi Inc,VHI,NYSE,53
"Namutech Co., Ltd.",Zip CO Ltd,ZIZTF,OTC,75
Nano and Advanced Materials Institute Limited,Cdti Advanced Materials Inc,CDTI,OTC,80
NanoScent LTD,Nanosonics Ltd Sydn,NNCSF,OTC,69
Nanuk by Plasticase Inc.,Atlantis Plastics Inc,ATPL,OTC,68
Nara Institute of Science and Technology (NAIST),Align Technology,ALGN,Nasdaq,77
National Information Technology Development,Zzll Information Technology Inc,ZZLL,OTC,83
National Institute Of Informatics,Institute of Biomedi,MRES,OTC,75
Navitas Semiconductor,On Semiconductor,ON,Nasdaq,90
Naxa Electronics Inc.,China Electronics Holdings Inc,CEHD,OTC,86
NCCR Robotics,G-X Robotics & Artificial Intel Thmtc ETF,BOTZ,Nasdaq,76
NCSolutions,Gp Solutions Inc,GWPD,OTC,81
"NDS Solution Co., Ltd.",Zip CO Ltd,ZIZTF,OTC,75
Nelen & Schuurmans,Schulman A Inc,SLMNP,OTC,60
NEON,Neon Bloom Inc,NBCO,OTC,100
Neonode Inc,Neonode Inc,NEON,Nasdaq,100
"Neosapience, Inc.",Ecosciences Inc,ECEZ,OTC,80
Neosoft Technologies,Cps Technologies,CPSH,Nasdaq,86
NetApp,Netapp Inc,NTAP,Nasdaq,100
NetFay Inc.,Netapp Inc,NTAP,Nasdaq,80
NETGEAR,Netgear Inc,NTGR,Nasdaq,100
Netherlands Pavilion - Tech Solutions,Tech Solutions,TSCC,OTC,100
Networkdefines,Perion Network Ltd,PERI,Nasdaq,62
Neurocast,Euroseas Ltd,ESEA,Nasdaq,67
NeuroReality,Euroseas Ltd,ESEA,Nasdaq,67
Neusoft Corporation,3Com Corporation,COMS,Nasdaq,81
"New Garden Co., Ltd.",Country Garden Services Holdings CO Ltd,CTRGF,OTC,87
"New Layer Co., Ltd",China Changjiang Mining & New Energy CO Ltd,CHJI,OTC,77
Nexii,Xilinx Inc,XLNX,Nasdaq,53
Nexperia,Experian Plc,EXPGF,OTC,70
Nexstgo,Hexagon,HXGBY,OTC,57
nextEDGE Techology K.K.,Newater Technology Inc,NEWA,Nasdaq,71
"Nexton Co., Ltd",Nexon CO Ltd,NEXOF,OTC,96
NEXUSTECH,Nutech,NTCI,OTC,80
"Nexvoo, Inc",Exfo Inc,EXFO,Nasdaq,78
"NGK Insulators, Ltd.",Ngk Insulators,NGKIF,OTC,100
Nikkei Inc.,Nike Inc,NKE,NYSE,89
Nikon Inc.,Nio Inc,NIO,NYSE,88
Ningbo Charm-tech Import & Export Corp Ltd,T A T Tech Ltd,TATT,Nasdaq,80
Nixxi,Adynxx Inc,ADYX,OTC,53
Nobi,Obitx Inc,OBTX,OTC,62
"Nolo Co., Ltd.",Toa Oil CO Ltd,TOAOF,OTC,80
nomadplug,Informa Plc,IFJPY,OTC,60
Nordic Semiconductor,On Semiconductor,ON,Nasdaq,90
NortonLifeLock Inc,Nortonlifelock Inc,NLOK,Nasdaq,100
Nota Inc.,Novanta Inc,NOVT,Nasdaq,84
NovaCentrix,Novacyt,NVYTF,OTC,67
Noveto Systems Ltd.,Elbit Systems Ltd,ESLT,Nasdaq,80
NoviSign,Verisign Inc,VRSN,Nasdaq,70
Novo Nordisk,Novo Nordisk A/S B,NONOF,OTC,100
NS Nanotech,Industrial Nanotech,INTK,OTC,84
nthing,Bnh Inc,BEES,OTC,62
NTT,Ntt Docomo Inc ADR,DCMYY,OTC,100
Nu Eyne,Clene Inc,CLNN,Nasdaq,62
NuCurrent,Renren Inc,RENN,NYSE,63
Nudge Systems,GSE Systems,GVP,Nasdaq,83
Numbers Co. Ltd.,Zip CO Ltd,ZIZTF,OTC,75
Nuralogix Corporation,3Com Corporation,COMS,Nasdaq,81
NUVI lab,Sandvik Ab,SDVKF,OTC,67
"Nuwa Robotics(HK) Limited, Taiwan Branch",Ppc Limited,PPCLY,OTC,78
NXP Semiconductors,Nxp Semiconductors,NXPI,Nasdaq,100
NYX Inc.,Inyx Inc,IYXI,OTC,93
OakMega,Meganet Corp,MGNT,OTC,53
Obodroid Corporation Limited,3Com Corporation,COMS,Nasdaq,81
Oddity.ai B.V.,Liberty Broadbd A,LBRDA,Nasdaq,60
Officine IADR Srl,Bilfinger Se ADR,BFLBY,OTC,61
Olisto,Moelis,MC,NYSE,67
Olive,Cryolife,CRY,NYSE,62
Olive Healthcare Inc.,Healthcare TR Inc,HTIA,Nasdaq,90
Olive Union,Union Bank,UBNC,OTC,67
omlox,Urologix,ULGX,OTC,62
"Omron Healthcare, Inc.",Healthcare TR Inc,HTIA,Nasdaq,90
ON Semiconductor,On Semiconductor,ON,Nasdaq,100
Onanoff,Nanoforce,NNFC,OTC,62
OneLife GmbH,Onelife Technologies Corp,OLMM,OTC,74
Oneofus Innovation Inc by AJOU University,Onto Innovation Inc,ONTO,NYSE,85
ONESOFTDIGM,Esoft Inc,ZVLO,OTC,60
OneValley,Valley Rep Bnk,VLLX,OTC,70
OnQ,Brown & Brown,BRO,NYSE,50
Ooma,Ooma Inc,OOMA,NYSE,100
Open Ocean Engineering Limited,Ppc Limited,PPCLY,OTC,78
OPNT B.V.,Open Bank,OPBK,Nasdaq,59
OppenFuture Technologies,Cps Technologies,CPSH,Nasdaq,86
Opsys Tech Ltd.,T A T Tech Ltd,TATT,Nasdaq,80
"OPTICSER CO.,LTD.",Obic Co. Ltd,OBIIF,OTC,77
Optimal Design,Design Milk CO Ltd,AHAHF,OTC,69
Orange Quantum Systems,GSE Systems,GVP,Nasdaq,78
"Orbbec Co., Ltd.",Obic Co. Ltd,OBIIF,OTC,83
Origami Group Limited,Ppc Limited,PPCLY,OTC,78
Origin Wireless AI,Boingo Wireless Inc,WIFI,Nasdaq,76
Orka,Kao Corp,KAOCF,OTC,67
OSRAM,Osram Licht Ag,OSAGF,OTC,100
OSTF Labs,Conversion Labs Inc,CVLB,Nasdaq,62
"OVAL Digital, Inc.",Digital Ally Inc,DGLY,Nasdaq,88
OWC,Owc Pharmaceutical Research Corp,OWCP,OTC,100
Owl Home Inc.,Home Bancorp Inc,HBCP,Nasdaq,80
Owl Labs,Conversion Labs Inc,CVLB,Nasdaq,67
Owlcompany,3M Company,MMM,NYSE,70
OXAMA,Xoma Corp,XOMA,Nasdaq,57
Oxytap Pte Ltd,Forza Pete Ltd,ORXPF,OTC,71
P-Waver,Waters Corp,WAT,NYSE,67
PACCAR,Paccar Inc,PCAR,Nasdaq,100
"Pacific Future Shenzhen Co., Ltd",First Pacific CO Ltd,FPAFY,OTC,82
Package Protector,Provectus Pharma,PVCT,OTC,61
"Pakers Co., Ltd",Aeon Co. Ltd,AONNF,OTC,75
Pal-V,Hello Pal International Inc,HLLPF,OTC,75
Panasonic,Panasonic Corp,PCRFF,OTC,100
Pandemic-con,Landec Cp,LNDC,Nasdaq,67
Pandora Intelligence,Pandora A/S,PNDZF,OTC,78
PanzerGlass,Neogames S.A.,NGMS,Nasdaq,61
Parkopedia,Kopin Cp,KOPN,Nasdaq,56
Parks Associates,New England Realty Associates Ltd Partnershi,NEN,AMEX,77
Paronym Inc,Progyny Inc,PGNY,Nasdaq,82
"Particle Co., Ltd",Zip CO Ltd,ZIZTF,OTC,75
PenguinSmart,Medsmart Group Inc,MSGP,OTC,60
Perfect Corp.,Durect Corp,DRRX,Nasdaq,78
Perfect Memory,4Ds Memory Ltd,FRDSF,OTC,60
peripherii inc,Primerica Inc,PRI,NYSE,74
Perlisten,Mersen,CBLNY,OTC,67
"Perseus Co., Ltd",Zip CO Ltd,ZIZTF,OTC,75
PetaRay Inc.,Certara Inc,CERT,Nasdaq,82
"Petcube, Inc.",Nextcure Inc,NXTC,Nasdaq,78
Phasya,Syndax Pharma,SNDX,Nasdaq,63
PHI BIOMED,Abiomed Inc,ABMD,Nasdaq,76
Philips,Koninklijke Philips N.V.,RYLPF,OTC,100
Phison Electronics Corp.,IEC Electronics,IEC,Nasdaq,85
Phobio,Aptose Bioscns,APTO,Nasdaq,50
PhotonDelta,Kelt Exploration,KELTF,OTC,59
pi-top,Top Ships Inc,TOPS,Nasdaq,67
Picom LLC,Pepsico Inc,PEP,Nasdaq,60
Pigro Srl,Sgl Group,SGLFF,OTC,67
Pilot Laboratories,Abbott Laboratories,ABT,NYSE,81
"Pimax Technology (Shanghai) Co., Ltd",Keynes Technology CO Ltd,KYNS,OTC,83
Pioneer Electronics (USA) Inc.,Jaco Electronics Inc,JACO,OTC,86
"PiQuant Co.,Ltd.",Zip CO Ltd,ZIZTF,OTC,75
PIX Worldwide Inc.,Aci Worldwide Inc,ACIW,Nasdaq,88
Pixchange,Exchange Bank,EXSR,OTC,64
"Pixelro Co.,Ltd",Zip CO Ltd,ZIZTF,OTC,75
PlaceIQ,Renewi Plc,SHMCF,OTC,59
PLANET Technology Corp.,Par Technology Corp,PAR,NYSE,88
Plas'tri,Trufin Plc,TRFNF,OTC,67
"Platformbase Co., Ltd.",Zip CO Ltd,ZIZTF,OTC,75
"PlayNitride Display Co., Ltd.",Lg Display CO Ltd,LPL,NYSE,90
PlayShifu,Obayashi Corp,OBYCF,OTC,55
PLIMES Inc.,Epizyme Inc,EPZM,Nasdaq,76
pmdtechnologies ag,Dbv Technologies Ads,DBVT,Nasdaq,79
PNS Holdings Inc,Post Holdings Inc,POST,NYSE,91
Pod Group,Adf Group,ADFJF,OTC,78
Pollen Robotics,G-X Robotics & Artificial Intel Thmtc ETF,BOTZ,Nasdaq,70
PopcornSAR,Echostar Corp,SATS,Nasdaq,61
Port Remote Pte. Ltd.,North Peak Resources Ltd,BTLLF,OTC,70
Portable Inc.,Protalex Inc,PRTX,OTC,83
POSCO ICT,Posco ADR,PKX,NYSE,71
PowerA,Aperam,APEMY,OTC,67
Powercast Corporation,3Com Corporation,COMS,Nasdaq,81
Powerstove Energy,Earthstone Energy,ESTE,NYSE,76
PPI Inc.,Ppd Inc,PPD,Nasdaq,86
PRECI-DIP,Precigen Inc,PGEN,Nasdaq,67
Pred Technologies USA Inc.,USA Technologies Inc,USAT,Nasdaq,100
PressureDOT Technology,Align Technology,ALGN,Nasdaq,77
Pretika Corporation,3Com Corporation,COMS,Nasdaq,81
Private Ai,Global Listed Private Proshares,PEX,AMEX,82
Private Discuss,Global Listed Private Proshares,PEX,AMEX,64
PRO-toys Co.Ltd,Tomy Co. Ltd,TOMYY,OTC,77
Procter & Gamble,Strats Sm Trust For The Procter & Gamble CO Sec,GJR,NYSE,100
Proov Station,Life Design Station,LDSI,OTC,70
Prop Water Scooters,Water Oasis Group,WOSSF,OTC,67
Protocol,Innovation Shares Nextgen Protocol ETF,KOIN,AMEX,100
Proxihealthcare Inc.,Healthcare TR Inc,HTIA,Nasdaq,78
Psycure,Square,SQ,NYSE,62
Publidata,Public Storage,PSA,NYSE,61
Pulse Experience,Experience Investment Corp Cl A,EXPC,Nasdaq,77
"Pulxion Medical Technology Co., Ltd.",Keynes Technology CO Ltd,KYNS,OTC,83
Pure Acoustics,Aac Acoustic Tec ADR,AACAY,OTC,65
Push Technology Ltd,Senmiao Technology Ltd,AIHS,Nasdaq,85
Pyrenee Inc.,Renren Inc,RENN,NYSE,76
Qblox,Blox Inc,BLXX,OTC,62
QCraft,Contrafect,CFRX,Nasdaq,62
"QD Laser, Inc.",Laser Master International Inc,LMTI,OTC,86
"Qiaohua (Guangdong) Technology Co., Ltd",Keynes Technology CO Ltd,KYNS,OTC,83
"Qingdao iGuan Technology Co., Ltd.",Keynes Technology CO Ltd,KYNS,OTC,83
"Qingdao Yeelink Information Technology Co., Ltd",Keynes Technology CO Ltd,KYNS,OTC,83
Qorvo,Qorvo Inc,QRVO,Nasdaq,100
QTT.Co,Eqt Corp,EQT,NYSE,71
Quant Base,Quantafuel As,QNTFF,OTC,70
Quantcast,Quanta Inc,QNTA,OTC,63
Quantia,Quanta Inc,QNTA,OTC,71
Quantum Corporation,3Com Corporation,COMS,Nasdaq,81
Quantum Delta NL,Quantum Corp,QMCO,Nasdaq,74
Quantum Operation Inc.,Quantum Computing Inc,QUBT,OTC,81
Quantum solution. Inc.,Quantum Computing Inc,QUBT,OTC,83
Quebec,Quebec Precious Metals Corp,CJCFF,OTC,100
Quebec International,Atn International,ATNI,Nasdaq,87
"Quectel Wireless Solutions Co., Ltd.",Wireless Data Solutions Inc,WDSL,OTC,80
QuEST Global,Global Quest Ltd,GLBB,OTC,100
Quikec International Limited,Atn International,ATNI,Nasdaq,87
"Quirklogic, Inc.",Quicklogic Corp,QUIK,Nasdaq,76
R&S Solutions S.R.L.S. - Pmi Innovativa,Tech Solutions,TSCC,OTC,78
"R.O.C.K Co., Ltd.",Zip CO Ltd,ZIZTF,OTC,75
"Rabbit Prototype Co., Ltd.",Zip CO Ltd,ZIZTF,OTC,75
RadioDNS Ltd,Audiocodes Ltd,AUDC,Nasdaq,77
raincircle,NiSource Inc,NI,NYSE,64
Raise3D Technologies,Cps Technologies,CPSH,Nasdaq,86
RaSpect Intelligence Inspection Limited,Ppc Limited,PPCLY,OTC,78
Razer,Razer Inc,RAZFF,OTC,100
Readout Health,Radius Health,RDUS,Nasdaq,81
"Realdesigntech Co., Ltd",Zip CO Ltd,ZIZTF,OTC,75
"RealTimeMediCheck Co., Ltd.",Zip CO Ltd,ZIZTF,OTC,75
Reasonance,Eaton Vance Corp,ETV,NYSE,69
Red Cat,Red Cat Holdings Inc,RCAT,OTC,100
REE Automotive,Green Automotive CO,GACR,OTC,85
Region Sud,G-X FTSE Nordic Region ETF,GXF,AMEX,75
Regulus Cyber,Regulus Therapeutics,RGLS,Nasdaq,70
Reiko Wireless Inc.,Erf Wireless Inc,ERFB,OTC,86
Reiwa S.r.l.,Diasorin S.R.L.,DSRLF,OTC,64
"RelaJet Tech (Taiwan) Co., Ltd.",T A T Tech Ltd,TATT,Nasdaq,80
Rendever,Endeavor Bk,EDVR,OTC,63
"Renesas Electronics America, Inc.",Renesas Electronics Corp,RNECF,OTC,88
Research & Development eLynceus Inc.,Acm Research Inc,ACMR,Nasdaq,86
Research Alliance 3Dsensation,Alliance Global,ALGGY,OTC,70
"Research Center For Music,Technology And Health",Align Technology,ALGN,Nasdaq,77
Resonado Labs,Cresco Labs Inc,CRLBF,OTC,71
Return Helper Limited,Ppc Limited,PPCLY,OTC,78
Revelis,Rexel Sa,RXLSF,OTC,67
Reviewed,Teamviewer,TMVWY,OTC,67
Rexton,Hexagon,HXGBY,OTC,62
RGT.Inc,Pgt Inc,PGTI,NYSE,86
Rhonda Software,Asure Software,ASUR,Nasdaq,73
RIA Tech Group,Marvell Tech Group,MRVL,Nasdaq,83
Rice Ear Ltd.,Orica Ltd ADR,OCLDY,OTC,80
Richmond & Finch,Richmond Mutual Bancorp Inc,RMBI,Nasdaq,73
"Right Group Central Co., Ltd.",Cxj Group CO Ltd,ECXJ,OTC,86
Rightpoint,Brightcove Inc,BCOV,Nasdaq,67
Rigstar Industrial Telecom,Industrial & Com ADR,IDCBY,OTC,77
Rise Gardens Inc.,Galore Res Inc,GALOF,OTC,73
RIWI,Riwi Corp,RWCRF,OTC,100
"RMG co.,Ltd",Tomy Co. Ltd,TOMYY,OTC,76
"RNS Co., Ltd.",Aeon Co. Ltd,AONNF,OTC,76
Road Light SAS,Light Sa,LGSXY,OTC,77
Roam Robotics,G-X Robotics & Artificial Intel Thmtc ETF,BOTZ,Nasdaq,76
Roboeatz,Irobot Corp,IRBT,Nasdaq,53
Roborock (HK) Limited,Ppc Limited,PPCLY,OTC,78
"Robosen Robotics (Shenzhen) Co., Ltd",Zip CO Ltd,ZIZTF,OTC,75
"Robosense/Suteng Innovation Technology Co., Ltd.",H2O Innovation,HEOFF,OTC,83
ROHM Semiconductor,On Semiconductor,ON,Nasdaq,90
Roland,Solarwinds Corp,SWI,NYSE,57
"Rootonix Co., Ltd.",Zip CO Ltd,ZIZTF,OTC,75
Roseman Labs,Lehman Abs Corp,JBK,NYSE,67
Roybi Inc,Avrobio Inc,AVRO,Nasdaq,80
rti,Aritzia,ATZAF,OTC,60
RUBIX S&I,Rubis Sca,RBSFY,OTC,67
Rwave Inc,Aravive Inc,ARAV,Nasdaq,80
"Ryder System, Inc.",Ryder System,R,NYSE,100
S'UIMIN Inc.,Akumin Inc,AKU,Nasdaq,76
SAAM Inc.,Saia Inc,SAIA,Nasdaq,88
SABRE - Security Equipment Corporation,3Com Corporation,COMS,Nasdaq,81
SafeRide Technologies,Sarin Technologies,SILLF,OTC,87
"Sage Human Electronics International Co., Ltd",Uge International Ltd,UGEIF,OTC,89
Sagetea Software,Agent Info Software,AIFS,OTC,74
SAIC Motor Corporation Limited,3Com Corporation,COMS,Nasdaq,81
Saikai Creative Company,3M Company,MMM,NYSE,82
Sakura Tech Corporation,3Com Corporation,COMS,Nasdaq,81
"Salin Co., Ltd.",Cosan Ltd,CZZ,NYSE,86
Samba TV,Kamada Ltd,KMDA,Nasdaq,56
SAMEA Innovation,H2O Innovation,HEOFF,OTC,83
Samson Technologies,Cps Technologies,CPSH,Nasdaq,86
Samsung Electronics,IEC Electronics,IEC,Nasdaq,85
"Samsung Electronics America, Inc.",Jaco Electronics Inc,JACO,OTC,86
Samsung Electronics C-Lab,IEC Electronics,IEC,Nasdaq,85
Samyang Optics Co. Ltd,Zip CO Ltd,ZIZTF,OTC,75
SAT. Knowledge Platform,Buddy Platform Ltd,POTTF,OTC,62
Satisfyer,Bayer Aktienges Ads,BAYRY,OTC,57
Satyam Venture Engineering Services,Ausnet Services,SAUNF,OTC,70
Saxony Economic Development Corp.,Carson Development Corp,CDVM,OTC,82
SBD Automotive,China Automotive Sys,CAAS,Nasdaq,83
SBG SYSTEMS,GSE Systems,GVP,Nasdaq,82
Scaeva Technologies,Cps Technologies,CPSH,Nasdaq,86
SCALABLE Network Technologies,Cps Technologies,CPSH,Nasdaq,86
"Scalardata.Co.,Ltd",Zip CO Ltd,ZIZTF,OTC,75
Scan Shop,Bodyscan Corp,BDYS,OTC,64
Scan&Dive,Cal Dive International,CDVIQ,OTC,62
Scanblue Engineering AG,Jacobs Engineering Group Inc,J,NYSE,67
Sceptre Inc.,Cemtrex Inc,CETX,Nasdaq,82
Schaeffler,Schaeffler Ag,SFFLY,OTC,100
Schneider Electric,Schneider Electric,SBGSF,OTC,100
SCIC,Ensync Inc,ESNC,OTC,57
Scopemedia Inc.,Loop Media Inc,LPTV,OTC,79
Scorched Ice Inc.,Cell Source Inc,CLCS,OTC,77
Scosche Industries Inc.,Evi Industries Inc,EVI,AMEX,88
SCPTime,Sitime Corp,SITM,Nasdaq,67
Search Mobility,Engage Mobility Inc,ENGA,OTC,71
SECLAB,Ecolab Inc,ECL,NYSE,62
Seco-Larm USA Inc.,Arcosa Inc,ACA,NYSE,74
Securaxis,Stereotaxis Inc,STXS,AMEX,58
Seeann Solution,Element Solutions Inc,ESI,NYSE,72
Seguro LLC,Segro Plc REIT,SEGXF,OTC,67
Segway Inc.,Ebay Inc,EBAY,Nasdaq,78
SEIKO Manufacturing (H.K.) Ltd.,Koito Manufacturing Co. Ltd,KOTMF,OTC,83
"SelectUSA, U.S. Department of Commerce",Bank of Commerce Hld,BOCH,Nasdaq,71
SelfSafe LLC,Global Self Storage,SELF,Nasdaq,65
SellPro,Seilon,SEIL,OTC,62
Seltech,Exela Tech,XELAU,OTC,71
"Sena Technologies, Inc.",W Technologies Inc,WTCG,OTC,94
Sense Photonics,Ipg Photonics Corp,IPGP,Nasdaq,75
SenseGlove,Viper Energy LP,VNOM,Nasdaq,56
Sensel,Nel ASA,NLLSF,OTC,62
"Sensible Innovations, LLC",Nexe Innovations Inc,NEXNF,OTC,73
SensiML,Seilon,SEIL,OTC,62
"Sensingnet, Inc.",Rignet Inc,RNET,Nasdaq,75
Sensirion AG,Siltronic Ag,SSLLF,OTC,67
Sensoria Analytics,Verisk Analytics Inc,VRSK,Nasdaq,68
Sensorscall,Vail Resorts,MTN,NYSE,61
Sensory Inc.,Lensar Inc,LNSR,Nasdaq,76
Sentient Sports Limited,Ppc Limited,PPCLY,OTC,78
Seohyun Fresh Lab,Agrofresh Solutions,AGFS,Nasdaq,56
SeongNam Industry Promotion Agency,Siem Industries Inc,SEMUF,OTC,57
Seoul Metropolitan Government,Metropolitan Bank & Trust,MTPOF,OTC,69
Seoul Robotics,G-X Robotics & Artificial Intel Thmtc ETF,BOTZ,Nasdaq,73
Seoul Semiconductor,On Semiconductor,ON,Nasdaq,90
"Seoul Viosys Co., Ltd.",Zip CO Ltd,ZIZTF,OTC,75
Sequans Communications,Sequans Communications S A,SQNS,NYSE,100
Serakom - Hanseo University,University Bncp Mich,UNIB,OTC,67
Shadow Robot Company,3M Company,MMM,NYSE,82
"Shanghai Kingstronic Co., Ltd.",Zip CO Ltd,ZIZTF,OTC,75
"Shanghai LiwCV Co., Ltd.",Shanghai Pharmaceuticals Holding CO Ltd ADR,SHPMY,OTC,83
Sharp/Toshiba Audio,Toshiba Corp,TOSBF,OTC,74
Shenzhen Ail Industrial Limited,Ppc Limited,PPCLY,OTC,78
"Shenzhen Aoni Electronic Co., Ltd.",Byd Electronic,BYDIF,OTC,83
"Shenzhen AV-Display Co., Ltd.",Lg Display CO Ltd,LPL,NYSE,90
"Shenzhen Bassworld Technology Co., Ltd.",Keynes Technology CO Ltd,KYNS,OTC,83
Shenzhen Big Tree Tech Corp Ltd,T A T Tech Ltd,TATT,Nasdaq,80
Shenzhen BONA Intelligent Robot Corporation Ltd,3Com Corporation,COMS,Nasdaq,81
"Shenzhen Cheerble Technology Co., Ltd",Keynes Technology CO Ltd,KYNS,OTC,83
"Shenzhen City Wanzhida Motor Manufacture Co., Ltd.",Honda Motor CO Ltd,HNDAF,OTC,80
"Shenzhen Creality 3D Technology Co., Ltd.",Keynes Technology CO Ltd,KYNS,OTC,83
"Shenzhen Cylan Technology Co., Ltd.",Keynes Technology CO Ltd,KYNS,OTC,83
"Shenzhen DBS Technology Co., Ltd.",Keynes Technology CO Ltd,KYNS,OTC,83
"Shenzhen Earfun Technology Co., Ltd.",Keynes Technology CO Ltd,KYNS,OTC,83
"Shenzhen eMeet Technology Co., Ltd.",Keynes Technology CO Ltd,KYNS,OTC,83
"Shenzhen Feihe Electronics Co., Ltd.",IEC Electronics,IEC,Nasdaq,85
"Shenzhen Fittop Health Technology Co., Ltd.",Keynes Technology CO Ltd,KYNS,OTC,83
"Shenzhen Fujikam Industry Development Co., Ltd.",Hysan Development Ltd,HYSNY,OTC,83
"Shenzhen Gobelike Technology Co., Ltd.",Keynes Technology CO Ltd,KYNS,OTC,83
"Shenzhen Gold-East Electronic Co., Ltd.",Byd Electronic,BYDIF,OTC,83
Shenzhen Golden Star Technology Ltd,Recon Technology Ltd,RCON,Nasdaq,82
"Shenzhen Gosund Technology Co., Ltd.",Keynes Technology CO Ltd,KYNS,OTC,83
Shenzhen Grahope New Materials Technologies Inc.,W Technologies Inc,WTCG,OTC,94
Shenzhen Henglongsheng Technology Co. Ltd,Keynes Technology CO Ltd,KYNS,OTC,83
"Shenzhen Holatek Co., Ltd.",Zip CO Ltd,ZIZTF,OTC,75
"Shenzhen Huion Animation Technology Co., Ltd",Keynes Technology CO Ltd,KYNS,OTC,83
"Shenzhen Huntkey Electronics Co., Ltd.",IEC Electronics,IEC,Nasdaq,85
"Shenzhen Jashen Technology Co., Ltd",Keynes Technology CO Ltd,KYNS,OTC,83
Shenzhen Jaskey Technology Limited,Ppc Limited,PPCLY,OTC,78
"Shenzhen Jermei Medical Device Technology Co., Ltd",Keynes Technology CO Ltd,KYNS,OTC,83
"Shenzhen Jimi IoT Co., Ltd.",Zip CO Ltd,ZIZTF,OTC,75
"Shenzhen Jisu Technology Co., Ltd.",Keynes Technology CO Ltd,KYNS,OTC,83
"Shenzhen Jonter Digital Co., Ltd.",Zip CO Ltd,ZIZTF,OTC,75
"Shenzhen KeJinMing Electronic Co., Ltd.",Byd Electronic,BYDIF,OTC,83
"Shenzhen KTC Commercial Display Technology Co, Ltd",Lg Display CO Ltd,LPL,NYSE,90
"Shenzhen KunHuang Technology Co., Ltd.",Keynes Technology CO Ltd,KYNS,OTC,83
"Shenzhen Langyi Technology Co., Ltd",Keynes Technology CO Ltd,KYNS,OTC,83
"Shenzhen Leadinway Technology Co., Ltd",Keynes Technology CO Ltd,KYNS,OTC,83
"Shenzhen LINGWU Technology Co., Ltd.",Keynes Technology CO Ltd,KYNS,OTC,83
"Shenzhen Lochn Optics Technology Co., Ltd.",Keynes Technology CO Ltd,KYNS,OTC,83
"Shenzhen LVSUN Electronics Technology Co., Ltd.",IEC Electronics,IEC,Nasdaq,85
"Shenzhen Maono Technology Co., Ltd.",Keynes Technology CO Ltd,KYNS,OTC,83
"Shenzhen Medica Technology Development Co., Ltd",Hysan Development Ltd,HYSNY,OTC,83
"Shenzhen MeiDong Acoustics Co., Ltd.",Zip CO Ltd,ZIZTF,OTC,75
"Shenzhen Motoma Power Co., Ltd.",Weichai Power CO Ltd,WEICF,OTC,75
"Shenzhen Myhand Industrial Co., Ltd.",Zip CO Ltd,ZIZTF,OTC,75
"Shenzhen NJY Technology Co., Limited",Ppc Limited,PPCLY,OTC,78
"Shenzhen Pecron Technology Co.,Ltd.",Keynes Technology CO Ltd,KYNS,OTC,83
"Shenzhen Pentasmart Technology Co., Ltd",Keynes Technology CO Ltd,KYNS,OTC,83
"Shenzhen Pi Software Technology Co., Ltd.",Elmo Software Ltd,ELMFF,OTC,83
"Shenzhen Poweroak Newener Co., Ltd",Zip CO Ltd,ZIZTF,OTC,75
"Shenzhen Powerqi Technology Co., Ltd.",Keynes Technology CO Ltd,KYNS,OTC,83
"Shenzhen Qiuyu Electronic Co.,Ltd.",Byd Electronic,BYDIF,OTC,83
"Shenzhen Raythink Technology Co., Ltd",Keynes Technology CO Ltd,KYNS,OTC,83
"Shenzhen Relight Technology Co., Ltd.",Keynes Technology CO Ltd,KYNS,OTC,83
"Shenzhen SAKO Electronics Co., Ltd.",IEC Electronics,IEC,Nasdaq,85
"Shenzhen Sky Dragon Audio-Video Technology Co., Lt",Align Technology,ALGN,Nasdaq,77
"Shenzhen Smarteye Digital Electronics Co., Ltd.",IEC Electronics,IEC,Nasdaq,85
"Shenzhen Snapmaker Technologies Co., Ltd.",Gea Technologies Ltd,GEATF,OTC,89
"Shenzhen Sugr Technology Co., Ltd",Keynes Technology CO Ltd,KYNS,OTC,83
"Shenzhen Sungold Solar Co., Ltd",Solar Gold Ltd,PLKT,OTC,78
"Shenzhen Tai-Sound Technology Co., Ltd",Keynes Technology CO Ltd,KYNS,OTC,83
"Shenzhen Timekettle Technologies Co., Ltd.",Gea Technologies Ltd,GEATF,OTC,89
"Shenzhen Trusda Industrial Co., Ltd.",Zip CO Ltd,ZIZTF,OTC,75
"Shenzhen UR Innovation Technology Co., Ltd",H2O Innovation,HEOFF,OTC,83
"Shenzhen Usams Trading Co., Ltd.",Zip CO Ltd,ZIZTF,OTC,75
Shenzhen Vantop Technology & Innovation Ltd.,H2O Innovation,HEOFF,OTC,83
Shenzhen Vilo Technology Co. Ltd,Keynes Technology CO Ltd,KYNS,OTC,83
"Shenzhen Wuyishi Technology Co., Ltd.",Keynes Technology CO Ltd,KYNS,OTC,83
"Shenzhen Xinbenyuan Technology Co., Ltd",Keynes Technology CO Ltd,KYNS,OTC,83
"Shenzhen XinKeYing Digital Co., Ltd",Zip CO Ltd,ZIZTF,OTC,75
"Shenzhen XinShuoYa Electronics Co., Ltd",IEC Electronics,IEC,Nasdaq,85
"Shenzhen Y&D Electronics Information Co., Ltd.",IEC Electronics,IEC,Nasdaq,85
"Shenzhen Yidimu Intelligent Technology Co.,Ltd",Keynes Technology CO Ltd,KYNS,OTC,83
"Shenzhen YLW Technology Co.,Ltd",Keynes Technology CO Ltd,KYNS,OTC,83
Shenzhen You Yun An Intelligent Technology Co. Ltd,Keynes Technology CO Ltd,KYNS,OTC,83
"Shenzhen Yuangu Technology Co., Ltd",Keynes Technology CO Ltd,KYNS,OTC,83
"Shenzhen Zhaowei Machinery & Electronics Co., Ltd.",IEC Electronics,IEC,Nasdaq,85
Shopkyo Limited,Ppc Limited,PPCLY,OTC,78
Shure Inc.,Ensurge Inc,ESGI,OTC,80
Shutang Information Technology (Shenzhen) Co. Ltd.,Keynes Technology CO Ltd,KYNS,OTC,83
Sibros,Brown & Brown,BRO,NYSE,55
SIDHUB,Orhub Inc,ORHB,OTC,53
Sierra Nevada Corporation,3Com Corporation,COMS,Nasdaq,81
Signia,Scandia,SDNI,OTC,62
Signifi Solutions Inc.,Gp Solutions Inc,GWPD,OTC,90
Signify Netherlands B.V.,Signify NV,SFFYF,OTC,82
"SILLYMANN Co., Ltd.",Zip CO Ltd,ZIZTF,OTC,75
Simbex LLC,Medley Llc,MDLX,NYSE,60
Simbeyond B.V.,Beyond Air Inc,XAIR,Nasdaq,59
SIMCom Wireless Solutions Limited,Wireless Data Solutions Inc,WDSL,OTC,80
simplehuman,Lehman Abs Corp,JBK,NYSE,62
Singular Hearing Inc,Originclear Inc,OCLN,OTC,69
"Singular Wings Medical Co., Ltd.",Avita Medical Ltd,RCEL,Nasdaq,79
Siterwell,Trican Well Service,TOLWF,OTC,57
Skiply,Simply Inc,SIMP,OTC,62
Skoog Inc.,Sonos Inc,SONO,Nasdaq,78
Skoon Energy,Gibson Energy,GBNXF,OTC,80
Skreeneo,Freenet Ag,FRTAF,OTC,56
Skydio Inc.,Usio Inc,USIO,Nasdaq,78
Smart Sanitizer,Schnitzer Steel A,SCHN,Nasdaq,62
SMK Electronics Corp.,Dewey Electronics Corp,DEWY,OTC,89
Smoothtalker - Mobile Communications Inc.,Lsc Communications Inc,LKSDQ,OTC,90
Sniffy Labs Inc.,Eq Labs Inc,EQLB,OTC,84
So Real Digital Twins AG,Global Digital Soltn,GDSI,OTC,73
Sodium Cycles,Carsales.com,CSXXY,OTC,56
Softcare Studios Srls,Keywords Studios Plc,KYYWF,OTC,59
SOFTPV Inc.,Esoft Inc,ZVLO,OTC,84
Solar Breeze,Breeze Holdings Acquisition Corp,BREZ,Nasdaq,67
Soltech,Solaredge Tech,SEDG,Nasdaq,67
Soluzioni Tirinnanzi S.R.L.,Mer Telemanagement Solutions Ltd,MTSL,Nasdaq,55
Somnox BV,Sonos Inc,SONO,Nasdaq,56
"Somo Vision Co., Ltd.",Zip CO Ltd,ZIZTF,OTC,75
"Sonic Dutch Korea Co.,Ltd.",Zip CO Ltd,ZIZTF,OTC,75
Sono Motors GmbH,Hino Motors Ltd,HINOF,OTC,65
Sony Corporation,Orion Corporation Oy,ORINY,OTC,83
Soovu,Sogou Inc,SOGO,NYSE,57
SOSLAB,Sabre Corp,SABR,Nasdaq,50
SOUL Electronics Ltd,Japan Aviation Electronics Ltd,JPAVF,OTC,86
"SoundAI Technology Co., Ltd",Keynes Technology CO Ltd,KYNS,OTC,83
"Sounds Great Co., Ltd.",Zip CO Ltd,ZIZTF,OTC,75
Sourcenext,Sourcenext Corp,SRNXF,OTC,100
Space Zab Company,3M Company,MMM,NYSE,82
Spaces,Acea S,ACEJF,OTC,67
Spacetalk,Paltalk Inc,PALT,OTC,60
Span,Aspyra Inc,APYI,OTC,57
"Spark Concepts, LLC",Spark Networks Plc,LOV,AMEX,72
Spatial Topology Technology,Align Technology,ALGN,Nasdaq,77
Specialty Coating Systems,GSE Systems,GVP,Nasdaq,78
Spectalix,Spectrascience,SCIE,OTC,61
Spectra Merchandising Int'l. Inc.,Spectra Inc,SPKTF,OTC,100
Speed Infotech (HK) Limited,Ppc Limited,PPCLY,OTC,78
SpeedGauge Inc,Sweegen Inc,SWEE,OTC,72
SPES Tech Limited,Ppc Limited,PPCLY,OTC,78
SPINTEK,Intel Corp,INTC,Nasdaq,59
"Splitvolt, Inc.",Soliton Inc,SOLY,Nasdaq,75
STRIDE,Stride Inc,LRN,NYSE,100
"STRIG Inc.,",STI Inc,STAG,NYSE,88
Strohm,Nordstrom,JWN,NYSE,67
"Sugentech, Inc.",Senestech Inc,SNES,Nasdaq,85
"Suhyuntech Co., Ltd.",Zip CO Ltd,ZIZTF,OTC,75
"Sumitomo Bakelite Co., Ltd",Sumitomo Metal Mining CO Ltd,SMMYY,OTC,77
"Sun Safes Mfg., Co",Max Sound Corp,MAXD,OTC,60
Sungale Electronics (Shenzhen) Limited,IEC Electronics,IEC,Nasdaq,85
SUNProtected Technology Corp.,Par Technology Corp,PAR,NYSE,88
Super Micro Computer Inc,Super Micro Computer,SMCI,Nasdaq,100
SureCall,Auris Medical,EARS,Nasdaq,57
Surestar LiDAR Tech Ltd.,T A T Tech Ltd,TATT,Nasdaq,80
Surfix BV,Bb Seguridade,BBSEY,OTC,55
SVS,Obseva Sa,OBSV,Nasdaq,50
Swell,Seilon,SEIL,OTC,55
SWiDGET,Oxbridge WT,OXBRW,Nasdaq,56
SwipeGuide,Bb Seguridade,BBSEY,OTC,61
Swiss CapCharger,Swiss Re,SSREF,OTC,77
Swiss Vault Systems GmbH,GSE Systems,GVP,Nasdaq,78
Switzerland,Switzerland Alphadex Fund FT,FSZ,Nasdaq,100
Synamedia,City Media,CBDG,OTC,63
Synapse,Upsnap,UPSN,OTC,62
Synchronoss Technologies,Synchronoss Technolo,SNCR,Nasdaq,91
Syntronic Research and Development Canada Inc.,Acm Research Inc,ACMR,Nasdaq,86
Talamoos,Alamo Group,ALG,NYSE,63
TalentCoin,Catalent Inc,CTLT,NYSE,73
Tali Connected,Direxion Connected Consumer ETF,CCON,AMEX,78
Tapp.online,Bos Better Online,BOSC,Nasdaq,71
Targus,Aptargroup,ATR,NYSE,62
Tata Elxsi,Strata Skin Scien,SSKN,Nasdaq,59
Tatch,Hitachi,HTHIY,OTC,67
Taurus - Espana,Mesabi Trust,MSB,NYSE,64
TCL Corporation,Concentrix Corporation,CNXC,Nasdaq,85
TDK - Lambda,Kamada Ltd,KMDA,Nasdaq,70
TDK - Micronas,Immuron Ltd,IMRN,Nasdaq,61
TDK Corporation,Concentrix Corporation,CNXC,Nasdaq,85
TDK Corporation of America,Tracker Corporation of America Inc,TRKR,OTC,92
TDK Ventures,Vinco Ventures Inc,BBIG,Nasdaq,80
TE Connectivity,Te Connectivity Ltd,TEL,NYSE,100
Team8,Team Inc,TISI,NYSE,62
"TeamS Co., Inc.",Stamps.com Inc,STMP,Nasdaq,85
Tech West Canada,Air Canada,ACDVF,OTC,75
Technicolor,Technicolor S.A.,TCLRY,OTC,100
TechNovus Ltd,Chorus Ltd ADR,CHRYY,OTC,67
"Techonvision Co., Ltd.",Zip CO Ltd,ZIZTF,OTC,75
"Techvision Intelligent Technology Co., Ltd",Keynes Technology CO Ltd,KYNS,OTC,83
"TeeLabs Co., Ltd.",Zip CO Ltd,ZIZTF,OTC,75
TEEware,Teamviewer,TMVWY,OTC,59
Tegway Co Ltd,Tomy Co. Ltd,TOMYY,OTC,75
Teknobuilt,Nobility Homes,NOBH,OTC,58
TEKTELIC Communications Inc.,Lsc Communications Inc,LKSDQ,OTC,90
Telecom Lifestyle Fashion BV,Globe Telecom,GTMEY,OTC,70
"Telenav, Inc.",Telenav Inc,TNAV,Nasdaq,100
Telink Semiconductor,On Semiconductor,ON,Nasdaq,90
Telit,Telit Communications,TTCNF,OTC,100
TELUS,Telus Corp,TU,NYSE,100
TEMO,Remgro Ltd,RMGOF,OTC,57
"Ten Pao International, Inc.",Gc International Inc,GCIN,OTC,92
"Ten-Tronics Co., Ltd",Zip CO Ltd,ZIZTF,OTC,75
Tenminds,Tengion,TNGNQ,OTC,67
"Tensor Tech CO., LTD.",T A T Tech Ltd,TATT,Nasdaq,80
Terabee,Teamviewer,TMVWY,OTC,59
"TERAON Co., Ltd",Aeon Co. Ltd,AONNF,OTC,83
Teratonix,Theraclion,TCLIF,OTC,63
Tesla Electronics,IEC Electronics,IEC,Nasdaq,85
Teslasuit,Mesoblast Ltd,MEOBF,OTC,64
Tetavi Ltd.,Pentair Ltd,PNR,NYSE,76
Texas Instruments,Texas Instruments,TXN,Nasdaq,100
TG0 - Touch Sensing Technologies,Cps Technologies,CPSH,Nasdaq,86
"Thai Trade Center, Los Angeles",Globe Trade Centre Sa,GBCEY,OTC,64
The Brand Agency,Agency Bond Ishares ETF,AGZ,AMEX,72
The Female Quotient,Quotient Ltd Ord,QTNT,Nasdaq,67
The Fesco Group,The One Group,STKS,Nasdaq,82
The Nielsen Company (US) LLC,3M Company,MMM,NYSE,82
The Qt Company,The Lovesac Company,LOVE,Nasdaq,88
The Revenue Optimization Companies (T-ROC),Imd Companies,ICBU,OTC,82
The VNTS Company Ltd,3M Company,MMM,NYSE,82
THE2H.Inc,H-Cyte Inc,HCYT,OTC,74
"Thecoder Co., Ltd",Zip CO Ltd,ZIZTF,OTC,75
Thejaemi,Theraclion,TCLIF,OTC,56
"Thermaltake, Inc.",Aftermaster Inc,AFTM,OTC,73
thingsflow Inc.,Lmww Holdings Inc,LMWW,OTC,71
Thinkblank.ltd,Gl Ltd,GUORF,OTC,67
"Thunder Software Technology Co., Ltd.",Elmo Software Ltd,ELMFF,OTC,83
Thunderzee Ind.,Phunware Inc,PHUN,Nasdaq,62
Tinamu Labs,Mesa Labs Inc,MLAB,Nasdaq,67
TMT Lab Inc.,Bio Lab Naturals Inc CO,BLAB,OTC,78
Tobii Tech LLC,Tobii Technology Ab,TBIIF,OTC,67
"Tokuyo Biotech Co., Ltd",Purple Biotech Ltd,PPBT,Nasdaq,76
"Tome, Inc.",Atomera Inc,ATOM,Nasdaq,84
TomTom,Tomtom NV Amsterdam,TMOAF,OTC,100
tonies,Itonis Inc,ITNS,OTC,62
Top One Network International Limited,Atn International,ATNI,Nasdaq,87
"Toplovo Industrial Co., Limited",Ppc Limited,PPCLY,OTC,78
Topower USA,US Copper,CPER,AMEX,70
Topway EM Enterprise Ltd.,Dxp Enterprise,DXPE,Nasdaq,83
"toraru co.,ltd.",Takuma Co. Ltd,TKUMF,OTC,77
TOTO USA,Toto Ltd,TOTDF,OTC,67
TourBox Tech Inc.,Turbodyne Techs Inc,TRBD,OTC,80
Tover,Rover Metals,ROVMF,OTC,59
TOWA Corporation,Concentrix Corporation,CNXC,Nasdaq,81
TP-Link USA Corporation,3Com Corporation,COMS,Nasdaq,81
Traceroot,Xtrackers,DXSCF,OTC,67
Tranquility Lifestyle Solutions,Tech Solutions,TSCC,OTC,78
Traverz,Xtrackers,DXSCF,OTC,62
TRAXIT srl,Seres Theraptc,MCRB,Nasdaq,58
Treasure Hunters,Quest Resource,QRHC,Nasdaq,67
Tremor Video,Vaneck Vectors Video Gaming and Esports ETF,ESPO,Nasdaq,59
Trend Forward Capital,Ecn Capital,ECNCF,OTC,78
"Tresl, Inc.",Tesla Inc,TSLA,Nasdaq,89
Tribus Group,Triumph Group,TGI,NYSE,80
TriEye,Myers Industries,MYE,NYSE,55
Triple W,Innovator Triple Stacker ETF January,TSJA,AMEX,86
Trova,Orora Ltd,ORRAF,OTC,57
Trust Americas,American Assets Trust,AAT,NYSE,80
Trusted Positioning,Trend Exploration I,TRDX,OTC,63
"Tsubota Laboratory, Inc.",01 Communique Laboratory Inc,OONEF,OTC,78
TTP plc,BP Plc,BPAQF,OTC,77
TUC S.r.l,Diasorin S.R.L.,DSRLF,OTC,71
Tuya Global Inc.,J2 Global Inc,JCOM,Nasdaq,87
TVSquared,Square,SQ,NYSE,80
Tvstorm,Avista Corp,AVA,NYSE,56
Twinny,Inyx Inc,IYXI,OTC,57
TWT GmbH Science & Innovation,H2O Innovation,HEOFF,OTC,83
Typewise AG,Symrise Ag,SYIEF,OTC,67
T??V Rheinland,China Vtv Ltd,CVTV,OTC,62
U.S. Department of Commerce,Bank of Commerce Hld,BOCH,Nasdaq,71
UBIKEY,Kone Oyj B,KNYJF,OTC,50
UBISCALE,Rubis Sca,RBSFY,OTC,71
"Ubonetech Co.,Ltd",Covalon Tech Ltd,CVALF,OTC,75
UBTech Robotics Corp.,A2 Corp,ACOPF,OTC,73
UCK,Buckle Inc,BKE,NYSE,46
Ultrahuman Healthcare Pvt Ltd,Ryman Healthcare Ltd,RYHTY,OTC,82
Ultraleap,Ultralife Corp,ULBI,Nasdaq,61
UltraSense Systems,GSE Systems,GVP,Nasdaq,78
UnaliWear,Uniper,UNPRF,OTC,67
"UND Co., Ltd.",United Corps. Ltd,UCPLF,OTC,77
Uneole,Oilex NL,OIEXF,OTC,57
Unico Power Corp,Boss Power Corp,BPUZF,OTC,80
Uniigym Co. Ltd,Zip CO Ltd,ZIZTF,OTC,75
UNIMY,Namsys,NMYSF,OTC,55
"UnionCommunity Co., Ltd.",Zip CO Ltd,ZIZTF,OTC,75
UNIS Technology (Canada) Ltd.,Recon Technology Ltd,RCON,Nasdaq,82
United States Postal Service,United Parcel Service,UPS,NYSE,80
Unity Technologies SF,Cps Technologies,CPSH,Nasdaq,86
Univision Communications Inc.,Lsc Communications Inc,LKSDQ,OTC,90
Uniwill Technology Inc.,Gsi Technology Inc,GSIT,Nasdaq,88
Uniz Technology LLC,Clic Technology Inc,CLCI,OTC,79
Unmanned Systems Limited Liability Company,3M Company,MMM,NYSE,82
Unusly,Stanley Furniture,STLY,OTC,52
Urban Mobility Systems,GSE Systems,GVP,Nasdaq,78
Urbanista,First Bank,FRBA,Nasdaq,63
V-MODA,Mondo TV Spa,MXSPF,OTC,67
"Valencell, Inc.",Greencell Inc,GCLL,OTC,77
Vanguard Industries Inc.,Evi Industries Inc,EVI,AMEX,88
Vaonis,Macrogenics,MGNX,Nasdaq,59
Variowell Development GmbH,Cypress Development,CYDVF,OTC,73
"VARTA Microbattery, Inc.",Varta Ag,VARGF,OTC,77
Vayyar,Vaxart Inc,VXRT,Nasdaq,50
VDP3.0 & Quivive-app,Neurovive Pharm Ab Ord,NEVPF,OTC,50
"Veoneer, Inc",Veoneer Inc,VNE,NYSE,100
Verb Technology Company Inc,Verb Technology Company Inc,VERB,Nasdaq,100
Verbatim Americas,Lithium Americas Corp,LAC,NYSE,68
VeriSilicon Inc.,Verisign Inc,VRSN,Nasdaq,81
Verizon Media,Here Media Inc,HRDI,OTC,74
Vertica,Evertec Inc,EVTC,NYSE,67
Vervet Srl,Vereit Inc,VER,NYSE,60
VesCir Ltd.,Respiri Ltd,KMLXF,OTC,76
Vewd,Liveworld Inc,LVWD,OTC,47
Vh Quatrevigntreize,Carnegie Wave,CWGYF,OTC,50
"VIA Labs, Inc.",Sigma Labs Inc,SGLB,Nasdaq,85
VIDETICS,Identiv Inc,INVE,Nasdaq,63
Vinpower Digital Inc. / OPTODISC,Bit Digital Inc,BTBT,Nasdaq,85
Vinsighte,Nlight Inc,LASR,Nasdaq,63
Virgil Systems,GSE Systems,GVP,Nasdaq,78
Virtual Album Technologies,Virtual Interactive Technologies Corp,VRVR,OTC,87
Virtual Vision,Isra Vision Ag,IRAVF,OTC,71
VirtuItaly,Jabil Circuit,JBL,NYSE,61
Visir Inc.,Vior Inc,SXMVF,OTC,82
VISTAKLUB,Vitalibis Inc,VCBD,OTC,55
Visteon,Visteon Corp,VC,Nasdaq,100
"VisualOn, Inc.",Visa Inc,V,NYSE,80
"VitalSigns Technology Co., Ltd",Keynes Technology CO Ltd,KYNS,OTC,83
VITSRO,Invitro Intl,IVRO,OTC,56
Vivoka,Aviva Plc,AIVAF,OTC,53
VMPS Corporation,Concentrix Corporation,CNXC,Nasdaq,81
Voice Life Inc.,Globe Life Inc,GL,NYSE,79
VoiceTube Learning English,Creative Learning Corp,CLCN,OTC,58
Volvo Penta,Volvo Ab,VLVLY,OTC,77
Vovo Corporation,Concentrix Corporation,CNXC,Nasdaq,81
VOXX International Corporation,Atn International,ATNI,Nasdaq,87
VPI Technology Group,Sim Technology Group,SIMTF,OTC,90
VRISM Inc.,Visa Inc,V,NYSE,82
VRotein,Evertec Inc,EVTC,NYSE,67
VTEC Laser & Sensors,Electronic Senor Tec,ESNR,OTC,68
Vtrac Robotics Corporation,3Com Corporation,COMS,Nasdaq,81
Vueron Technology,Micron Technology,MU,Nasdaq,82
VuPoint Solutions,Gp Solutions Inc,GWPD,OTC,79
Vuzix Corporation,3Com Corporation,COMS,Nasdaq,81
"VVFLY Electronics Co., Ltd",IEC Electronics,IEC,Nasdaq,85
Wacom Technology Corporation,3Com Corporation,COMS,Nasdaq,81
"Wagz, Inc.",Azz Inc,AZZ,NYSE,80
"Wan Jeou Pyng Plastics Industry Co., Ltd.",Zip CO Ltd,ZIZTF,OTC,75
"Wanxinda (Guangzhou) Technology Product Co., Ltd",Keynes Technology CO Ltd,KYNS,OTC,83
WATA Inc.,Axt Inc,AXTI,Nasdaq,80
WaterView srl,Waters Corp,WAT,NYSE,58
Wavely,Reaves Utility,UTG,AMEX,50
Wavemaker Creative / Crew in a Box,Creative Tech Ord,CREAF,OTC,64
Waves Audio,Auxico Res Cda,AUXIF,OTC,64
Waynehills Ventures,Live Ventures,LIVE,Nasdaq,76
"WayRay, Inc",Aspyra Inc,APYI,OTC,80
Waytech Media Company Ltd.,3M Company,MMM,NYSE,82
WBM International,ISM International,ISML,OTC,88
Wearable Devices Ltd.,Analog Devices,ADI,Nasdaq,67
Weave Srl,Fraser & Neave Ltd,FNEVF,OTC,64
Webgate Inc.,Bantek Inc,BANT,OTC,76
Wehear Hearing Solutions,Tech Solutions,TSCC,OTC,78
wejo,Howden Joinery,HWDJF,OTC,44
Welldoc,Lifeloc,LCTC,OTC,57
"WellsCare.Co.,Ltd",Zip CO Ltd,ZIZTF,OTC,75
WeMEMS Co.,Semileds Corp,LEDS,Nasdaq,64
"Westunitis Co.,Ltd",Zip CO Ltd,ZIZTF,OTC,75
WeTechUp by IMT,Wisetech Global Ltd,WTCHF,OTC,59
Weviz,Ceva Inc,CEVA,Nasdaq,46
Wheel Pad L3C,Majic Wheels Corp,MJWL,OTC,60
Whispeak,Winpak Ltd,WIPKF,OTC,56
WHOOSH!,Shunfeng Photo,SHUNF,OTC,50
Wi-Fi Alliance,Alliance Resource Pt,ARLP,Nasdaq,73
WideOrbit,Widepoint Corp,WYY,AMEX,61
Widex,Iridex Cp,IRIX,Nasdaq,57
Wideye by AGC,Bayer Ag Ord,BAYZF,OTC,56
Wiidii,Ii-Vi Inc,IIVIP,Nasdaq,53
Willow,Willow Biosciences Inc,CANSF,OTC,100
WineWorld Xplorer Limited,Ppc Limited,PPCLY,OTC,78
Winmate Inc.,Insmed Inc,INSM,Nasdaq,76
Winnoz Technology Inc.,Gsi Technology Inc,GSIT,Nasdaq,88
WinTo Technology Limited,Wunong Net Technology Company Limited,WNW,Nasdaq,86
"Wintonic Battery & Magnet Co., Ltd.",Zip CO Ltd,ZIZTF,OTC,75
Wipro Limited,Wipro Ltd,WIT,NYSE,82
Wireless Speaker and Audio (WiSA) Association,Erf Wireless Inc,ERFB,OTC,67
Wirtschaftsf??rderung Land Brandenburg GmbH (WFBB),Ishares Global Green Bond ETF,BGRN,Nasdaq,47
WiseChip Semiconductor Inc.,On Semiconductor,ON,Nasdaq,90
"WISER Systems, Inc.",Flir Systems Inc,FLIR,Nasdaq,85
WiseUp,Sunopta Inc,STKL,Nasdaq,47
Withus&Earth - Hanseo University,University Bncp Mich,UNIB,OTC,67
WITZ Corporation,Concentrix Corporation,CNXC,Nasdaq,81
"Wizner Co., Ltd",Wix.com Ltd,WIX,Nasdaq,75
WOM6 LLC,Workiva Llc,WK,NYSE,63
Wondercise Technology Corp.,Par Technology Corp,PAR,NYSE,88
WooBloo Inc,Oblong Inc,OBLG,AMEX,76
Woodoo,Sodexo,SDXOF,OTC,50
"WooKyoung Information Technology Co., Ltd.",Keynes Technology CO Ltd,KYNS,OTC,83
Woorisoft.Inc,Hr Soft Inc,WSTM,OTC,75
Wordin Co.,Redfin Corp,RDFN,Nasdaq,70
World Bank Group,World Financial Holding Group,WFHG,OTC,81
Worldtryout Inc.,Workday Inc,WDAY,Nasdaq,69
WOTA CORP.,Kubota Corp,KUBTF,OTC,80
WOWCube Entertainment System (Cubios Inc),Ese Entertainment Inc,ENTEF,OTC,89
WTIwireless,Pdvwireless,ATEX,Nasdaq,73
"Wuhan Guide Sensmart Tech Co., Ltd.",T A T Tech Ltd,TATT,Nasdaq,80
X- Systems B.V.,Bentley Systems Incorporated Cl B,BSY,Nasdaq,82
Xanadu Quantum Technologies,Cps Technologies,CPSH,Nasdaq,86
"XAOS Motors Co., Ltd.",Motors Liq CO,MTLQU,OTC,82
XCINEX,Wex Inc,WEX,NYSE,62
XDynamics,Dynamic Fuel Sys,DYFSF,OTC,64
Xenia Progetti Srl,Xenia Hotels & Resorts Inc,XHR,NYSE,57
Xenoma,Ooma Inc,OOMA,NYSE,57
XiByte,Subaye Inc,SBAY,OTC,50
XMOS,Moelis,MC,NYSE,60
Xnoova S.r.l.,Nova Minerals Ltd,NVAAF,OTC,62
XPERI,Xperi Holding Corp,XPER,Nasdaq,100
xRapid France,Rapid7 Inc,RPD,Nasdaq,70
Xsens Technologies B.V.,Cps Technologies,CPSH,Nasdaq,86
"Yagi & Co., Ltd",Eisai CO Ltd,ESALF,OTC,78
Yaw VR Ltd.,Vr Resources Ltd,VRRCF,OTC,75
Yellowknife Inc.,Welltower Inc,WELL,NYSE,71
Yeshcompany,Beard Company,BRCOQ,OTC,67
"YHDatabase co.,ltd.",Zip CO Ltd,ZIZTF,OTC,75
Yo-Kai Express Inc,Express Inc,EXPR,NYSE,100
YogiFi by Wellnesys Inc.,Bluma Wellness Inc,BMWLF,OTC,68
Yoon Ergonomics,Argonomics Ltd,AGNMF,OTC,69
YSK Partners,Acamar Partners Acquisition Corp Cl A,ACAM,Nasdaq,80
YuJet,Valmet Oyj,VOYJF,OTC,53
Yukai Engineering Inc.,Altair Engineering Inc Cl A,ALTR,Nasdaq,83
YunYun US Corporation,3Com Corporation,COMS,Nasdaq,81
Zendure USA Inc.,Duran Venture Inc,DUVNF,OTC,75
ZENTRONIX,Lantronix Inc,LTRX,Nasdaq,64
Zephyr Project c/o The Linux Foundation,First Foundation,FFWM,Nasdaq,77
"Zepp Information Technology Co., Ltd.",Alibaba Health Information Technology Ltd,ALBBY,OTC,87
Zero1 Tektronics LLP,Elron Electronics ##,ELRNF,OTC,70
ZeroKey Inc.,Znergy Inc,ZNRG,OTC,76
"ZEST Co., Ltd.",Eisai CO Ltd,ESALF,OTC,78
Zetabank,Metalink,MTLK,OTC,62
ZF Group,Adf Group,ADFJF,OTC,82
ZhenHub,Orhub Inc,ORHB,OTC,50
"Zhongshan Rowcing Electronic Technology Co., Ltd",Electronic Sys Technology Inc,ELST,OTC,84
"Zhongyuan Innovation Co., Ltd.",H2O Innovation,HEOFF,OTC,83
"Zhuhai Gecen Electronic Co., Ltd.",Byd Electronic,BYDIF,OTC,83
"Zibrio, Inc.",Ibio Inc,IBIO,AMEX,89
"Ziff Davis, LLC",Harley-Davidson Inc,HOG,NYSE,55
Zippy RSA,Asia Pptys Inc,ASPZ,OTC,61
Zobi,Zonetail,ZTLLF,OTC,50
Zolder BV,Boliden Ab,BOLIF,OTC,63
"Zosi Technologies Co., Limited",Cps Technologies,CPSH,Nasdaq,86
Zuora,Zuora Inc,ZUO,NYSE,100
"ZVISION Technologies Co., Ltd.",Gea Technologies Ltd,GEATF,OTC,89
Zylux,Hyflux Ltd,HYFXF,OTC,53
